player_name,player_id,shots,actual_makes,expected_makes,actual_fg_pct,expected_fg_pct,smoke_total,smoke_rate
stephen curry,201939,968,470,407.51988764479756,0.4855371900826446,0.4209916194677661,62.480112355202436,0.06454557061487853
chris paul,101108,885,425,364.2886888496578,0.480225988700565,0.4116256371182574,60.711311150342226,0.0686003515823076
kyle korver,2594,478,235,181.2912979722023,0.4916317991631799,0.3792704978497956,53.7087020277977,0.11236130131338429
lebron james,2544,978,478,433.5367579422891,0.4887525562372188,0.4432891185503979,44.463242057710886,0.04546343768682093
dirk nowtizski,1717,816,377,333.51633932441473,0.46200980392156865,0.40872100407403766,43.48366067558527,0.05328879984753099
klay thompson,202691,971,449,407.0427756495774,0.4624098867147271,0.41919956297587785,41.95722435042262,0.043210323738849254
kyrie irving,202681,942,439,403.89077526703477,0.46602972399150744,0.428758784784538,35.10922473296523,0.037270939206969445
anthony davis,203076,841,457,422.06150529906154,0.5434007134363853,0.5018567244935334,34.93849470093846,0.04154398894285194
wesley matthews,202083,748,336,303.6432684622705,0.44919786096256686,0.4059401984789713,32.3567315377295,0.04325766248359558
james johnson,201949,311,191,159.35212548077106,0.6141479099678456,0.5123862555651802,31.647874519228935,0.10176165440266538
nikola vucevic,202696,902,480,448.864529132843,0.532150776053215,0.4976325156683404,31.135470867156982,0.034518260384874655
joe johnson,2207,767,335,304.49290974251926,0.4367666232073012,0.39699205963822587,30.50709025748074,0.03977456356907533
al horford,201143,715,387,356.5304915159941,0.5412587412587413,0.49864404407831336,30.469508484005928,0.04261469718042793
jj redick,200755,649,299,270.5824186652899,0.46070878274268107,0.41692206265838194,28.41758133471012,0.043786720084299124
deandre jordan,201599,393,280,252.02585346251726,0.712468193384224,0.6412871589377029,27.97414653748274,0.07118103444652102
james harden,201935,1054,474,446.20069997757673,0.4497153700189753,0.4233403225593707,27.799300022423267,0.026375047459604617
chris bosh,2547,745,343,318.8893859758973,0.4604026845637584,0.42803944426294943,24.110614024102688,0.03236324030080895
jamal crawford,2037,803,322,299.52918814495206,0.40099626400996263,0.37301268760268,22.47081185504794,0.027983576407282607
al jefferson,2744,800,382,360.0876300781965,0.4775,0.45010953759774563,21.912369921803474,0.027390462402254345
mo williams,2590,559,233,211.8024083636701,0.41681574239713776,0.37889518490817553,21.19759163632989,0.037920557488962225
courtney lee,201584,476,225,204.817605137825,0.4726890756302521,0.43028908642400215,20.182394862174988,0.04239998920624993
darren collison,201954,550,260,240.39647843595594,0.4727272727272727,0.43708450624719264,19.60352156404406,0.03564276648008008
anthony morrow,201627,413,183,163.51765521243215,0.4430992736077482,0.39592652593809236,19.482344787567854,0.047172747669655846
amare stoudemire,2405,336,185,165.60512648150325,0.5505952380952381,0.4928724002425692,19.394873518496752,0.05772283785266896
beno urdih,2757,356,174,154.7016524039209,0.4887640449438202,0.43455520338180026,19.29834759607911,0.05420884156201994
dwayne wade,2548,703,331,311.7297879718244,0.47083926031294454,0.44342786340231066,19.270212028175592,0.02741139691063388
jarrett jack,101127,612,273,254.0154502131045,0.44607843137254904,0.41505792518481127,18.984549786895514,0.031020506187737773
derrick favors,202324,677,369,350.0593931302428,0.5450516986706057,0.5170744359383203,18.940606869757175,0.0279772627322854
kevin seraphin,202338,336,173,154.49289292097092,0.5148809523809523,0.4598002765505087,18.507107079029083,0.055080675830443626
khris middleton,203114,562,265,247.2996526993811,0.47153024911032027,0.4400349692159806,17.700347300618887,0.031495279894339645
rudy gay,200752,879,392,374.3242114633322,0.4459613196814562,0.42585234523701043,17.675788536667824,0.02010897444444576
paul pierce,1718,527,240,222.48217918723822,0.45540796963946867,0.4221673229359359,17.517820812761784,0.03324064670353277
alexis ajinca,201582,211,126,108.556804895401,0.5971563981042654,0.5144872269924218,17.443195104599,0.08266917111184358
marcus morris,202694,537,242,225.09133982658386,0.4506517690875233,0.4191645061947558,16.908660173416138,0.03148726289276749
jared dudley,201162,359,173,156.44200334697962,0.4818941504178273,0.4357715970667956,16.557996653020382,0.046122553351031714
andre miller,1889,174,95,78.64842361956835,0.5459770114942529,0.4520024345952204,16.351576380431652,0.09397457689903255
cory joseph,202709,346,175,158.69776187092066,0.5057803468208093,0.4586640516500597,16.302238129079342,0.04711629517074961
wayne ellington,201961,438,189,173.04939723014832,0.4315068493150685,0.39508994801403724,15.950602769851685,0.03641690130103126
ed davis,202334,350,211,195.07990600168705,0.6028571428571429,0.5573711600048201,15.92009399831295,0.04548598285232275
shaun livingston,2733,263,138,122.25188434869051,0.5247148288973384,0.4648360621623213,15.74811565130949,0.05987876673501713
jonas valanciunas,202685,486,274,258.6619300842285,0.5637860082304527,0.5322261935889475,15.338069915771484,0.031559814641505146
amir johnson,101161,402,233,217.8645599782467,0.5796019900497512,0.5419516417369321,15.135440021753311,0.037650348312819104
rasual butler,2446,407,177,161.95196122303605,0.4348894348894349,0.3979163666413662,15.04803877696395,0.036973068248068675
david west,2561,513,245,230.375399120152,0.4775828460038986,0.4490748520860663,14.624600879848003,0.02850799391783232
carmelo anthony,2546,792,349,334.5692070759833,0.44065656565656564,0.4224358675201809,14.430792924016714,0.018220698136384716
markieff morris,202693,830,388,373.9098573420197,0.4674698795180723,0.4504938040265297,14.090142657980323,0.016976075491542564
marc gasol,201188,814,405,390.99051447212696,0.4975429975429975,0.48033232736133535,14.00948552787304,0.01721067018166217
pau gasol,2200,818,405,390.99422296881676,0.49511002444987773,0.47798804763914027,14.005777031183243,0.01712197681073746
lou williams,101150,679,273,259.0138741210103,0.4020618556701031,0.3814637321369813,13.986125878989697,0.020598123533121793
ben gordon,2732,255,111,97.07520364969969,0.43529411764705883,0.3806870731360772,13.924796350300312,0.05460704451098164
serge ibaka,201586,735,346,333.1155575811863,0.4707482993197279,0.45321844568868885,12.884442418813705,0.01752985363103904
donatas motiejunas,202700,576,293,280.716233946383,0.5086805555555556,0.4873545728235816,12.283766053617,0.021325982731974003
tyson chandler,2199,340,230,217.88036933541298,0.6764705882352942,0.6408246156923911,12.11963066458702,0.035645972542903026
arron afflalo,201167,688,295,283.15425158292055,0.42877906976744184,0.41156141218447756,11.845748417079449,0.017217657582964285
rudy gobert,203497,267,167,155.21343085169792,0.6254681647940075,0.5813237110550484,11.786569148302078,0.04414445373895903
patrick patterson,202335,405,188,176.42809044197202,0.4641975308641975,0.43562491467153586,11.571909558027983,0.02857261619266166
luke babbitt,202337,156,73,61.65791168808937,0.46794871794871795,0.3952430236415985,11.34208831191063,0.07270569430711943
blake griffin,201933,893,447,435.6736032217741,0.5005599104143337,0.48787637538832485,11.326396778225899,0.01268353502600883
gerald henderson,201945,563,246,234.78715647384524,0.4369449378330373,0.41702869711162566,11.212843526154757,0.019916240721411627
luol deng,2736,567,274,262.94852320849895,0.48324514991181655,0.4637540091860652,11.051476791501045,0.019491140725751366
dwight howard,2730,334,192,181.35582917928696,0.5748502994011976,0.5429815244888831,10.644170820713043,0.031868774912314435
aaron brooks,201166,561,233,222.5390565060079,0.41532976827094475,0.3966828101711371,10.46094349399209,0.018646958099807653
carlos boozer,2430,620,319,308.7451688051224,0.5145161290322581,0.4979760787179393,10.254831194877625,0.016540050314318766
john henson,203089,241,140,129.9712726175785,0.5809128630705395,0.5392998863799938,10.028727382421494,0.041612976690545644
tony snell,203503,229,105,94.99653260409832,0.4585152838427948,0.41483202010523285,10.00346739590168,0.04368326373756193
brook lopez,201572,631,308,298.14239954948425,0.48811410459587956,0.47249191687715414,9.857600450515747,0.015622187718725422
jason terry,1891,339,141,131.44375053793192,0.415929203539823,0.387739677103044,9.556249462068081,0.028189526436778967
lamarcus aldridge,200746,1050,473,463.4461062774062,0.4504761904761905,0.4413772440737202,9.553893722593784,0.009098946402470276
marvin williams,101107,318,140,130.87191580981016,0.44025157232704404,0.41154690506229613,9.128084190189838,0.028704667264747907
jeremy lin,202391,515,226,217.24202766641974,0.4388349514563107,0.42182917993479563,8.757972333580256,0.017005771521515056
tony parker,2225,560,257,248.36357737332582,0.4589285714285714,0.4435063881666533,8.636422626674175,0.015422183261918132
damian lillard,203081,986,426,418.0182759575546,0.43204868154158216,0.42395362673179976,7.981724042445421,0.008095054809782398
alan anderson,101187,337,146,138.17575662583113,0.4332344213649852,0.41001708197576003,7.824243374168873,0.023217339389225156
danny green,201980,556,237,229.61943632364273,0.4262589928057554,0.4129845977043934,7.380563676357269,0.013274395101362024
mike conley,201144,727,325,317.68149661272764,0.4470426409903714,0.43697592381393074,7.318503387272358,0.010066717176440643
jrue holiday,201950,508,226,218.68242847919464,0.4448818897637795,0.43047722141573747,7.317571520805359,0.014404668348042049
mnta ellis,101145,1052,473,465.7609226182103,0.44961977186311786,0.44273851959905924,7.239077381789684,0.006881252264058613
damjan rudez,204014,195,83,76.1665490269661,0.4256410256410256,0.39059768731777483,6.833450973033905,0.035043338323250794
brian roberts,203148,372,149,142.33888334035873,0.40053763440860213,0.3826314068289213,6.661116659641266,0.0179062275796808
marco belinelli,201158,324,141,134.50470505654812,0.4351851851851852,0.41513797856959295,6.495294943451881,0.020047206615592228
greivis vasquez,202349,543,221,214.5322432667017,0.40699815837937386,0.3950870041744046,6.467756733298302,0.011911154204969243
nene hilario,2403,479,251,244.53438682854176,0.524008350730689,0.5105102021472688,6.465613171458244,0.013498148583420133
jeremy lamb,203087,224,94,87.6322473064065,0.41964285714285715,0.39121538976074327,6.367752693593502,0.02842746738211388
jonas jerebko,201973,232,108,101.90416876971722,0.46551724137931033,0.4392421067660225,6.0958312302827835,0.026275134613287843
pablo prigioni,203143,174,71,65.05396711826324,0.40804597701149425,0.3738733742428922,5.946032881736755,0.03417260276860207
channing frye,101112,412,161,155.51300071179867,0.3907766990291262,0.37745873959174436,5.486999288201332,0.013317959437381843
gerald green,101123,630,257,251.79250342026353,0.40793650793650793,0.39967064034962463,5.207496579736471,0.008265867586883302
jose calderon,101181,346,143,137.8341882750392,0.41329479768786126,0.3983647059972231,5.165811724960804,0.014930091690638136
kyle lowry,200768,879,364,359.0372220184654,0.4141069397042093,0.40846100343397657,4.9627779815346,0.005645936270232743
richard jefferson,2210,237,105,100.35550794005394,0.4430379746835443,0.4234409617723795,4.64449205994606,0.01959701291116478
kelly olynyk,203482,341,170,165.61435144394636,0.49853372434017595,0.48567258487960807,4.3856485560536385,0.012861139460567883
kyle oquinn,203124,209,103,98.84616261720657,0.49282296650717705,0.47294814649381134,4.1538373827934265,0.019874820013365713
charlie villanueva,101111,241,102,97.87345644831657,0.42323651452282157,0.40611392717143807,4.126543551683426,0.0171225873513835
goran dragic,201609,753,378,374.31619857251644,0.50199203187251,0.49709986530214667,3.6838014274835587,0.004892166570363288
gordon hayward,202330,867,389,385.54133826866746,0.4486735870818916,0.44468435786466837,3.4586617313325405,0.0039892292172232224
jerryd bayless,201573,403,180,176.83970886468887,0.4466501240694789,0.43880821058235453,3.1602911353111267,0.007841913487124375
jason smith,201160,432,195,191.8565809726715,0.4513888888888889,0.4441124559552581,3.143419027328491,0.007276432933630783
shawne williams,200761,238,102,98.8908934108913,0.42857142857142855,0.4155079555079466,3.1091065891087055,0.013063473063481934
kevin garnett,708,301,140,136.9858764410019,0.46511627906976744,0.45510257953821226,3.014123558998108,0.010013699531555176
shabazz muhammad,203498,391,191,188.15519834309816,0.4884910485933504,0.4812153410309416,2.8448016569018364,0.007275707562408806
pj tucker,200782,408,185,182.29498337954283,0.4534313725490196,0.44680142985182064,2.7050166204571724,0.006629942697198965
jordan farmar,200770,158,61,58.400050580501556,0.3860759493670886,0.36962057329431364,2.5999494194984436,0.016455376072774974
john wall,202322,874,392,389.58651165664196,0.448512585812357,0.44575115750187866,2.41348834335804,0.00276142831047832
marcin gortat,101162,570,311,308.6357119381428,0.5456140350877193,0.5414661612949874,2.3642880618572235,0.00414787379273196
carl landry,201171,287,146,143.71735113859177,0.5087108013937283,0.5007573210403894,2.2826488614082336,0.007953480353338871
steve blake,2581,247,93,90.72025457397103,0.3765182186234818,0.3672884800565629,2.279745426028967,0.009229738566918888
andre iguodala,2738,343,158,155.93340718746185,0.4606413994169096,0.45461634748531154,2.066592812538147,0.00602505193159808
harrison barnes,203084,463,227,225.3090254738927,0.490280777537797,0.48662856473842914,1.6909745261073112,0.0036522127993678377
ty lawson,201951,733,324,322.31454741209745,0.44201909959072305,0.43971970997557636,1.685452587902546,0.0022993896151466964
matt bonner,2588,199,79,77.4527090638876,0.3969849246231156,0.3892095932858673,1.5472909361124039,0.007775331337248281
donald sloan,202388,338,139,137.6806263960898,0.41124260355029585,0.4073391313493781,1.3193736039102077,0.003903472200917746
jared sullinger,203096,665,298,296.6963351741433,0.4481203007518797,0.44615990251750876,1.3036648258566856,0.0019603982343709414
cj watson,201228,301,128,126.842504683882,0.42524916943521596,0.4214036700461196,1.157495316118002,0.0038454993890963407
caron butler,2406,290,112,110.94521332159638,0.38620689655172413,0.38256970110895305,1.054786678403616,0.0036371954427710795
jeff teague,201952,687,319,318.04424631409347,0.4643377001455604,0.46294650118499775,0.9557536859065294,0.0013911989605626673
reggie jackson,202704,659,277,276.2663617134094,0.4203338391502276,0.41922057923127376,0.7336382865905762,0.001113259918953835
tim duncan,1495,627,311,310.28698049113154,0.4960127591706539,0.49487556697150165,0.7130195088684559,0.0011371921991522593
steve adams,203500,274,150,149.32275316119194,0.5474452554744526,0.5449735516831823,0.6772468388080597,0.0024717037912702633
travis wear,204037,162,68,67.3454157114029,0.41975308641975306,0.4157124426629808,0.6545842885971069,0.004040643756772266
roy hibbert,201579,528,237,236.55811892449856,0.44886363636363635,0.4480267403873079,0.44188107550144196,0.0008368959763284667
leandro barbosa,2571,256,120,119.62897534668446,0.46875,0.46730068494798616,0.37102465331554413,0.0014493150520138443
trevor booker,202344,327,162,161.87625164166093,0.4954128440366973,0.4950344086900946,0.12374835833907127,0.0003784353466027013
marcus thornton,201977,316,130,130.0350709222257,0.41139240506329117,0.41150338899438516,-0.03507092222571373,-0.00011098393109398863
giannis antetokounmpo,203507,549,270,270.06051107496023,0.4918032786885246,0.49191349922579275,-0.06051107496023178,-0.0001102205372681686
mason plumlee,203486,403,236,236.07956147566438,0.5856079404466501,0.585805363463187,-0.07956147566437721,-0.00019742301653691285
jon ingles,204060,220,90,90.10954214632511,0.4090909090909091,0.4095888279378414,-0.10954214632511139,-0.0004979188469322882
hollis thompson,203138,344,139,139.154463108629,0.40406976744186046,0.4045187881064796,-0.15446310862898827,-0.0004490206646191597
chris kaman,2549,434,213,213.22976879775524,0.49078341013824883,0.49131283133123327,-0.2297687977552414,-0.0005294211929844361
nick young,201156,473,174,174.27342037297785,0.3678646934460888,0.36844274920291303,-0.2734203729778528,-0.0005780557568242362
mike scott,203118,367,162,162.28222783654928,0.44141689373297005,0.44218590691157844,-0.2822278365492821,-0.0007690131786083909
manu ginobili,1938,492,209,209.41275802254677,0.4247967479674797,0.42563568703769666,-0.4127580225467682,-0.0008389390702169819
otto porter,203490,284,130,130.4445267803967,0.45774647887323944,0.4593117140154813,-0.4445267803966999,-0.001565235142241883
wesley johnson,202325,472,197,197.59410420060158,0.4173728813559322,0.4186315766961898,-0.5941042006015778,-0.0012586953402575762
demarre carroll,201960,462,217,217.7567493878305,0.4696969696969697,0.4713349553849145,-0.7567493878304958,-0.0016379856879447652
dennis schroder,203471,453,196,196.8807392269373,0.4326710816777042,0.43461531838176004,-0.880739226937294,-0.0019442367040558572
avery bradley,202340,755,325,326.06423782370985,0.4304635761589404,0.43187316268041037,-1.0642378237098455,-0.0014095865214699965
ben mclemore,203463,582,255,256.11178532242775,0.4381443298969072,0.44005461395606144,-1.1117853224277496,-0.0019102840591542214
shabazz napier,203894,207,79,80.21840093284845,0.38164251207729466,0.3875285069219732,-1.2184009328484535,-0.005885994844678555
lavoy allen,202730,254,125,126.47572523355484,0.4921259842519685,0.4979359261163576,-1.47572523355484,-0.005809941864389101
devin harris,2734,431,175,176.4887557271868,0.4060324825986079,0.40948667222085106,-1.488755727186799,-0.0034541896222431423
marreese speights,201578,498,246,247.5274478457868,0.4939759036144578,0.49704306796342734,-1.52744784578681,-0.003067164348969531
chandler parsons,202718,674,303,304.6120221912861,0.4495548961424332,0.4519466204618488,-1.612022191286087,-0.002391724319415589
kent bazemore,203145,203,89,90.68164884671569,0.43842364532019706,0.4467076297867768,-1.6816488467156887,-0.008283984466579741
jose juan barea,200826,424,179,181.11435807868838,0.4221698113207547,0.42715650490256696,-2.114358078688383,-0.0049866935818122515
cj mccollum,203468,174,68,70.12826009839773,0.39080459770114945,0.40303597757699844,-2.128260098397732,-0.012231379875848991
tobias harris,202699,715,331,333.3121149763465,0.46293706293706294,0.46617079017670837,-2.3121149763464928,-0.003233727239645434
quincy acy,203112,235,111,113.33141605556011,0.4723404255319149,0.48226134491727707,-2.331416055560112,-0.009920919385362159
tyler zeller,203092,419,229,231.33319249749184,0.5465393794749404,0.5521078579892407,-2.3331924974918365,-0.005568478514300312
oj mayo,201564,571,236,238.3636756502092,0.4133099824868651,0.4174495195275117,-2.3636756502091885,-0.004139537040646568
ray mccallum,203492,240,104,106.51470912247896,0.43333333333333335,0.443811288010329,-2.514709122478962,-0.010477954676995638
jakarr sampson,203960,210,94,96.54700670577586,0.44761904761904764,0.459747650979885,-2.547006705775857,-0.012128603360837376
matt barnes,2440,449,202,204.66508070379496,0.44988864142538976,0.4558242331933072,-2.665080703794956,-0.00593559176791747
rodney stuckey,201155,537,242,244.69156605005264,0.4506517690875233,0.4556639963688131,-2.691566050052643,-0.005012227281289805
time hardaway jr,203501,595,231,233.74983276426792,0.38823529411764707,0.39285686178868556,-2.7498327642679214,-0.004621567671038496
ryan anderson,201583,651,266,268.76632455550134,0.40860215053763443,0.4128514970130589,-2.766324555501342,-0.004249346475424465
brandon bass,101138,480,229,231.9263576939702,0.47708333333333336,0.4831799118624379,-2.9263576939702034,-0.006096578529104557
isaiah thomas,202738,618,259,262.05340302735567,0.4190938511326861,0.42403463273034897,-3.053403027355671,-0.004940781597662869
aron baynes,203382,257,141,144.3665080666542,0.5486381322957199,0.5617373854733627,-3.3665080666542053,-0.013099253177642822
terrence ross,203082,564,230,233.4967810176313,0.4078014184397163,0.4140013847830342,-3.4967810176312923,-0.006199966343317931
kawhi leonard,202695,516,232,235.50285244733095,0.4496124031007752,0.4564008768359127,-3.5028524473309517,-0.006788473735137468
cole aldrich,202332,191,92,95.57210004329681,0.4816753926701571,0.5003774871376796,-3.572100043296814,-0.018702094467522523
gary neal,202390,459,168,171.59799006581306,0.3660130718954248,0.3738518302087431,-3.5979900658130646,-0.007838758313318261
andrew bogut,101106,239,132,135.75056996941566,0.5523012552301255,0.5679940166084337,-3.7505699694156647,-0.015692761378308218
jimmy butler,202710,781,361,365.30669851601124,0.4622279129321383,0.4677422516210131,-4.306698516011238,-0.005514338688874854
kosta koufos,201585,253,127,131.39518809318542,0.5019762845849802,0.5193485695382823,-4.395188093185425,-0.01737228495330212
gorgui dieng,203476,407,201,205.44747602567077,0.49385749385749383,0.5047849533800265,-4.447476025670767,-0.010927459522532657
garrett temple,202066,158,62,66.76974420249462,0.3924050632911392,0.42259331773730774,-4.769744202494621,-0.030188254446168516
jimmer dredette,202690,151,58,62.89060989767313,0.3841059602649007,0.4164941052826035,-4.89060989767313,-0.03238814501770282
henry sims,203156,423,204,209.2490202486515,0.48226950354609927,0.4946785348667884,-5.2490202486515045,-0.012409031320689157
luis scola,2449,469,220,225.2669677324593,0.4690831556503198,0.48031336403509445,-5.266967732459307,-0.01123020838477462
cj miles,101139,560,214,219.40829913318157,0.3821428571428571,0.39180053416639565,-5.408299133181572,-0.009657677023538536
shane larkin,203499,278,118,123.63991893827915,0.4244604316546763,0.444747909849925,-5.639918938279152,-0.02028747819524873
brandon knight,202688,828,355,360.9090567305684,0.428743961352657,0.43588050329778794,-5.909056730568409,-0.007136541945130914
michael kidd-gilchrist,203077,369,174,179.9704238474369,0.4715447154471545,0.48772472587381277,-5.970423847436905,-0.016180010426658287
zach lavine,203897,371,157,163.00303007103503,0.42318059299191374,0.43936126703783024,-6.0030300710350275,-0.0161806740459165
darrell arthur,201589,349,146,152.2124131321907,0.4183381088825215,0.43613871957647765,-6.212413132190704,-0.017800610693956165
thaddeus young,201152,694,324,330.35061341524124,0.4668587896253602,0.4760095294167741,-6.3506134152412415,-0.009150739791413898
omri casspi,201956,240,115,121.4285916686058,0.4791666666666667,0.5059524652858575,-6.428591668605804,-0.02678579861919078
dante cunningham,201967,247,114,120.54672250151634,0.46153846153846156,0.4880434109373131,-6.546722501516342,-0.026504949398851563
taj gibson,201959,418,206,212.68054197728634,0.49282296650717705,0.508805124347575,-6.680541977286339,-0.015982157840397915
jeff green,201145,714,300,307.01644238457084,0.42016806722689076,0.4299950173453373,-7.016442384570837,-0.009826950118446531
mirza teletovic,203141,318,122,129.07656771689653,0.3836477987421384,0.40590115634244195,-7.076567716896534,-0.022253357600303558
danilo gallinai,201568,351,129,136.17080534808338,0.36752136752136755,0.3879510123877019,-7.170805348083377,-0.020429644866334362
kyle singler,202713,383,151,158.8039652109146,0.39425587467362927,0.41463176295277965,-7.803965210914612,-0.020375888279150378
tristan thompson,202684,396,216,223.80809931457043,0.5454545454545454,0.5651719679660869,-7.808099314570427,-0.019717422511541516
matthew dellavedova,203521,210,73,81.06056367978454,0.3476190476190476,0.38600268418945016,-8.060563679784536,-0.03838363657040256
zach randolph,2216,671,328,336.19911251217127,0.488822652757079,0.5010418964413879,-8.199112512171268,-0.012219243684308878
evan fournier,203095,557,244,252.37175056524575,0.4380610412926391,0.45309111412072844,-8.371750565245748,-0.015030072828089325
robert covington,203496,510,202,210.51243374682963,0.396078431372549,0.41276947793496005,-8.512433746829629,-0.01669104656241105
boris diaw,2564,437,194,202.79678256809711,0.4439359267734554,0.4640658640002222,-8.796782568097115,-0.020129937226766814
andre roberson,203460,168,77,86.1336242184043,0.4583333333333333,0.5127001441571684,-9.133624218404293,-0.05436681082383504
alex len,203458,299,158,167.31744481623173,0.5284280936454849,0.5595901164422465,-9.317444816231728,-0.031162022796761613
jason thompson,201574,292,134,143.31768348813057,0.4589041095890411,0.49081398454839237,-9.31768348813057,-0.03190987495935127
marcus smart,203935,299,108,117.38611257076263,0.3612040133779264,0.39259569421659746,-9.386112570762634,-0.031391680838671054
timofey mozgov,202389,428,233,242.41840434074402,0.544392523364486,0.5663981409830467,-9.418404340744019,-0.02200561761856079
kemba walker,202689,695,278,287.8798731248826,0.4,0.4142156447840037,-9.879873124882579,-0.014215644784003667
spencer hawes,201150,332,137,146.94733801484108,0.4126506024096386,0.4426124639001237,-9.94733801484108,-0.02996186149048513
dj augustin,201571,526,214,223.97100047953427,0.4068441064638783,0.425800381139799,-9.971000479534268,-0.018956274675920703
jordan hill,201941,614,285,294.9920661225915,0.46416938110749184,0.4804431044341881,-9.992066122591496,-0.016273723326696243
derrick rose,201565,774,315,325.0409753881395,0.4069767441860465,0.4199495806048314,-10.040975388139486,-0.012972836418784883
kevin love,201567,770,332,342.14132745563984,0.43116883116883115,0.44433938630602576,-10.14132745563984,-0.013170555137194617
jon leuer,202720,257,114,124.25415422022343,0.44357976653696496,0.4834791993004803,-10.254154220223427,-0.03989943276351532
robert sacre,203135,242,100,110.259431630373,0.4132231404958678,0.4556174860759215,-10.259431630373001,-0.04239434558005373
kris humphries,2743,397,188,198.34189794957638,0.473551637279597,0.49960175805938634,-10.341897949576378,-0.026050120779789354
ronnie price,101179,223,77,87.58175086602569,0.3452914798206278,0.39274327742612414,-10.581750866025686,-0.04745179760549634
wilson chandler,201163,733,304,314.6079714894295,0.4147339699863574,0.42920596383278237,-10.607971489429474,-0.014471993846424946
glen davis,201175,177,85,95.7513307929039,0.480225988700565,0.540967970581378,-10.7513307929039,-0.060741981880813034
chris copeland,203142,305,111,121.90383773297071,0.3639344262295082,0.3996847138785925,-10.903837732970715,-0.03575028764908428
mario chalmers,201596,518,210,220.9717735350132,0.40540540540540543,0.4265864353957784,-10.971773535013199,-0.021181029990372968
andrew wiggins,203952,797,348,359.10952392965555,0.4366373902132999,0.45057656703846366,-11.109523929655552,-0.013939176825163768
nate robinson,101126,202,69,80.38334989920259,0.3415841584158416,0.39793737573862664,-11.383349899202585,-0.05635321732278503
nik stauskas,203917,192,65,76.49150130152702,0.3385416666666667,0.39839323594545323,-11.491501301527023,-0.05985156927878654
victor oladipo,203506,729,328,339.7017157264054,0.4499314128943759,0.465983149144589,-11.701715726405382,-0.01605173625021311
paul millsap,200794,754,358,369.8358695060015,0.47480106100795755,0.49049850067108947,-11.835869506001472,-0.015697439663131918
nikola mirotic,202703,361,145,157.1153406277299,0.40166204986149584,0.43522255021531825,-12.115340627729893,-0.03356050035382241
bradley beal,203078,583,243,255.40860597789288,0.41680960548885077,0.4380936637699706,-12.408605977892876,-0.021284058281119844
jerami grant,203924,218,83,95.58611378073692,0.38073394495412843,0.43846841183824276,-12.586113780736923,-0.05773446688411432
derrick williams,202682,286,128,140.81585802137852,0.44755244755244755,0.4923631399348899,-12.815858021378517,-0.04481069238244234
james ennis,203516,159,61,74.71493291854858,0.3836477987421384,0.4699052384814376,-13.714932918548584,-0.08625743973929922
kirk hinrich,2550,314,113,127.05337242037058,0.35987261146496813,0.40462857458716744,-14.053372420370579,-0.044755963122199316
vince carter,1713,283,94,108.14561488479376,0.3321554770318021,0.38213998192506626,-14.145614884793758,-0.04998450489326417
thabo sefolosha,200757,203,86,100.41512110829353,0.4236453201970443,0.4946557690063721,-14.415121108293533,-0.07101044880932778
enes kanter,202683,639,318,332.6703288704157,0.49765258215962443,0.5206108433026849,-14.670328870415688,-0.022958261143060488
chase budinger,201978,199,74,88.82415588200092,0.37185929648241206,0.44635254212060765,-14.824155882000923,-0.0744932456381956
nicolas batum,201587,450,175,189.90037071704865,0.3888888888888889,0.4220008238156637,-14.900370717048645,-0.03311193492677478
trey burke,203504,783,294,308.9048300869763,0.37547892720306514,0.3945144700983094,-14.90483008697629,-0.019035542895244284
deron williams,101114,515,201,215.96887849271297,0.39029126213592236,0.4193570456169184,-14.968878492712975,-0.029065783480996032
kobe bryant,977,713,266,281.5278906971216,0.37307152875175315,0.3948497765738031,-15.52789069712162,-0.021778247822049956
pero antic,203544,222,79,94.70996610820293,0.35585585585585583,0.42662146895586905,-15.709966108202934,-0.07076561310001322
norris cole,202708,365,145,160.84970021247864,0.3972602739726027,0.44068411017117437,-15.849700212478638,-0.04342383619857165
anthony bennett,203461,274,114,129.97181326150894,0.41605839416058393,0.474349683436164,-15.971813261508942,-0.05829128927558008
kentavious caldwell-pope,203484,683,272,288.135272923857,0.39824304538799415,0.42186716387094725,-16.135272923856974,-0.023624118482953094
bojan bogdanovic,202711,360,151,167.32724130153656,0.41944444444444445,0.46479789250426823,-16.32724130153656,-0.045353448059823775
brandon jennings,201943,543,218,234.54236282408237,0.4014732965009208,0.43193805308302463,-16.542362824082375,-0.030464756582103847
kendrick perkins,2570,194,85,101.56301832199097,0.4381443298969072,0.5235207129999534,-16.563018321990967,-0.08537638310304618
nick collison,2555,212,86,102.66270326077938,0.4056603773584906,0.48425803424895936,-16.66270326077938,-0.07859765689046877
cody zeller,203469,355,165,181.7321951687336,0.4647887323943662,0.5119216765316439,-16.732195168733597,-0.0471329441372777
shawn marion,1890,229,103,120.0505496300757,0.4497816593886463,0.5242382079915969,-17.050549630075693,-0.07445654860295065
greg monroe,202328,712,350,367.0575018078089,0.49157303370786515,0.5155301991682709,-17.057501807808876,-0.02395716546040577
dante exum,203957,285,98,115.26866181194782,0.34385964912280703,0.4044514449542029,-17.268661811947823,-0.060591795831395845
patrick beverley,201976,456,174,191.87922433018684,0.3815789473684211,0.42078777265391853,-17.879224330186844,-0.03920882528549746
al farouq aminu,202329,258,111,129.01873841881752,0.43023255813953487,0.5000726295303005,-18.01873841881752,-0.06984007139076565
russell westbrook,201566,969,422,440.5689808279276,0.43550051599587203,0.454663550906014,-18.56898082792759,-0.019163034910141985
eric bledsoe,202339,774,352,370.58254114724696,0.45478036175710596,0.47878881285174024,-18.582541147246957,-0.024008451094634287
draymond green,203110,552,242,261.1865548789501,0.4384057971014493,0.4731640486937502,-19.18655487895012,-0.03475825159230095
kostas papanikolaou,203123,187,65,84.58719126880169,0.34759358288770054,0.45233792122353844,-19.58719126880169,-0.1047443383358379
jj hickson,201581,333,160,180.04652217030525,0.4804804804804805,0.5406802467576735,-20.046522170305252,-0.06019976627719298
kenneth faried,202702,512,252,272.60777677595615,0.4921875,0.5324370640155394,-20.607776775956154,-0.04024956401553936
kj mcdaniels,203909,416,165,187.59403067827225,0.39663461538461536,0.4509471891304621,-22.594030678272247,-0.05431257374584675
evan turner,202323,499,201,224.22935428470373,0.4028056112224449,0.44935742341623996,-23.22935428470373,-0.04655181219379506
ramon sessions,201196,219,72,95.54228496551514,0.3287671232876712,0.43626614139504627,-23.542284965515137,-0.10749901810737506
jusuf nurkic,203994,294,130,153.81128622591496,0.4421768707482993,0.5231676402242005,-23.811286225914955,-0.08099076947590117
solomon hill,203524,479,189,213.97248399071395,0.3945720250521921,0.44670664716224207,-24.972483990713954,-0.05213462211004999
demarcus cousins,202326,788,366,392.2225920036435,0.46446700507614214,0.4977444060959943,-26.222592003643513,-0.03327740101985216
zaza pachulia,2585,350,151,177.81209655106068,0.43142857142857144,0.508034561574459,-26.812096551060677,-0.07660599014588759
luc mbah a moute,201601,491,201,229.06142801046371,0.4093686354378819,0.46652021998057785,-28.061428010463715,-0.05715158454269598
lance stephenson,202362,436,159,188.30077063664794,0.3646788990825688,0.4318825014602017,-29.30077063664794,-0.0672036023776329
michael carter-williams,203487,657,253,282.36852053925395,0.3850837138508371,0.4297846583550288,-29.36852053925395,-0.04470094450419171
joakim noah,201149,340,149,180.52333412319422,0.43823529411764706,0.5309509827152771,-31.523334123194218,-0.09271568859763002
omer asik,201600,300,152,186.23420350253582,0.5066666666666667,0.6207806783417861,-34.23420350253582,-0.11411401167511936
elfrid payton,203901,480,198,232.56762907654047,0.4125,0.4845158939094593,-34.56762907654047,-0.07201589390945934
andre drummond,203083,665,338,374.01996801793575,0.5082706766917293,0.5624360421322342,-36.01996801793575,-0.054165365440504876
tony allen,2754,358,172,208.68482008576393,0.48044692737430167,0.5829184918596758,-36.68482008576393,-0.10247156448537414
nerles noel,203457,444,197,234.06703692674637,0.4436936936936937,0.5271780110962756,-37.06703692674637,-0.08348431740258189
tyreke evans,201936,914,396,436.46519100293517,0.43326039387308535,0.47753303173187656,-40.46519100293517,-0.04427263785879121
trevor ariza,2772,683,259,299.7832556962967,0.37920937042459735,0.43892131141478286,-40.78325569629669,-0.05971194099018551
