player_name,player_id,shots,avg_shot_dist,avg_def_dist,avg_touch_time,avg_dribbles,three_rate,smoke_total,cluster,archetype
kyle korver,2594,478,22.01004184100418,5.002510460251045,1.0456066945606695,0.2928870292887029,0.7426778242677824,53.7087020277977,1,Catch-and-Shoot
klay thompson,202691,971,16.79062821833162,4.1701338825952625,2.3242268041237115,1.6086508753861999,0.4191555097837281,41.95722435042262,1,Catch-and-Shoot
wesley matthews,202083,748,18.522192513368985,4.870187165775401,2.1244652406417113,1.179144385026738,0.5922459893048129,32.3567315377295,1,Catch-and-Shoot
jj redick,200755,649,19.503697996918337,5.1084745762711865,1.423728813559322,0.7473035439137135,0.5069337442218799,28.41758133471012,1,Catch-and-Shoot
courtney lee,201584,476,16.421638655462186,4.70546218487395,1.862736842105263,1.1428571428571428,0.3592436974789916,20.182394862174988,1,Catch-and-Shoot
anthony morrow,201627,413,17.90508474576271,4.548426150121065,1.4417073170731707,0.7263922518159807,0.4891041162227603,19.48234478756785,1,Catch-and-Shoot
paul pierce,1718,527,16.599620493358636,4.186337760910815,1.9870722433460077,0.9487666034155597,0.43833017077798864,17.517820812761784,1,Catch-and-Shoot
marcus morris,202694,537,16.759404096834263,4.718808193668528,2.216261682242991,1.366852886405959,0.409683426443203,16.908660173416138,1,Catch-and-Shoot
jared dudley,201162,359,17.84623955431755,5.757381615598886,1.2645251396648045,0.403899721448468,0.45125348189415043,16.557996653020382,1,Catch-and-Shoot
wayne ellington,201961,438,18.665296803652968,4.34703196347032,2.6294252873563217,1.9657534246575343,0.3949771689497717,15.950602769851685,1,Catch-and-Shoot
rasual butler,2446,407,18.07125307125307,4.188206388206388,1.5535802469135804,0.7297297297297297,0.4668304668304668,15.04803877696395,1,Catch-and-Shoot
patrick patterson,202335,405,16.577283950617286,5.456543209876544,1.1611940298507464,0.49382716049382713,0.5259259259259259,11.571909558027984,1,Catch-and-Shoot
luke babbitt,202337,156,19.69551282051282,5.990384615384615,1.4166666666666667,0.5576923076923077,0.6602564102564102,11.34208831191063,1,Catch-and-Shoot
tony snell,203503,229,17.10524017467249,4.925327510917031,1.7074561403508772,0.9956331877729258,0.537117903930131,10.00346739590168,1,Catch-and-Shoot
jason terry,1891,339,20.263126843657815,4.94070796460177,1.9421828908554573,1.2094395280235988,0.7256637168141593,9.55624946206808,1,Catch-and-Shoot
marvin williams,101107,318,19.39685534591195,5.817610062893082,1.1740506329113924,0.2893081761006289,0.5471698113207547,9.128084190189838,1,Catch-and-Shoot
alan anderson,101187,337,16.616913946587538,4.105637982195845,2.2504451038575666,1.28486646884273,0.516320474777448,7.824243374168873,1,Catch-and-Shoot
danny green,201980,556,18.790107913669065,5.140647482014388,1.4666666666666666,0.7553956834532374,0.6223021582733813,7.380563676357269,1,Catch-and-Shoot
damjan rudez,204014,195,20.647179487179486,5.371282051282051,1.2794871794871794,0.4717948717948718,0.6307692307692307,6.833450973033905,1,Catch-and-Shoot
marco belinelli,201158,324,18.014814814814816,4.984876543209876,1.8274691358024693,1.2067901234567902,0.44753086419753085,6.495294943451881,1,Catch-and-Shoot
jeremy lamb,203087,224,17.51160714285714,4.2526785714285715,2.8295964125560538,2.1830357142857144,0.44642857142857145,6.367752693593502,1,Catch-and-Shoot
jonas jerebko,201973,232,15.706034482758621,5.214655172413793,1.3017241379310345,0.45689655172413796,0.4051724137931034,6.095831230282784,1,Catch-and-Shoot
pablo prigioni,203143,174,21.30977011494253,5.61264367816092,2.4735632183908045,1.9080459770114941,0.7298850574712644,5.946032881736755,1,Catch-and-Shoot
channing frye,101112,412,22.0623786407767,5.65242718446602,1.0888077858880778,0.22330097087378642,0.7257281553398058,5.486999288201332,1,Catch-and-Shoot
gerald green,101123,630,18.501904761904765,4.374920634920635,2.6089171974522296,1.7190476190476192,0.5126984126984127,5.207496579736471,1,Catch-and-Shoot
jose calderon,101181,346,19.58150289017341,4.681502890173411,2.6794202898550723,2.1878612716763004,0.3988439306358382,5.165811724960804,1,Catch-and-Shoot
richard jefferson,2210,237,15.749789029535863,4.379746835443038,1.7856540084388186,0.9071729957805907,0.48945147679324896,4.64449205994606,1,Catch-and-Shoot
charlie villanueva,101111,241,18.575933609958508,5.135269709543568,1.1333333333333333,0.37344398340248963,0.6224066390041494,4.126543551683426,1,Catch-and-Shoot
shawne williams,200761,238,19.15084033613445,5.636974789915966,1.1092436974789917,0.2647058823529412,0.6260504201680672,3.109106589108705,1,Catch-and-Shoot
pj tucker,200782,408,15.430147058823529,5.103676470588236,1.8285012285012285,1.0196078431372548,0.4583333333333333,2.7050166204571724,1,Catch-and-Shoot
jordan farmar,200770,158,20.511392405063294,5.242405063291139,3.954777070063694,3.4873417721518987,0.6139240506329114,2.599949419498444,1,Catch-and-Shoot
steve blake,2581,247,21.086639676113357,5.662348178137651,3.55748987854251,3.4493927125506074,0.6396761133603239,2.279745426028967,1,Catch-and-Shoot
andre iguodala,2738,343,15.210495626822157,4.968804664723032,2.4587719298245614,1.5247813411078717,0.42565597667638483,2.066592812538147,1,Catch-and-Shoot
matt bonner,2588,199,18.194472361809044,5.54572864321608,1.3934673366834172,0.7889447236180904,0.542713567839196,1.547290936112404,1,Catch-and-Shoot
caron butler,2406,290,19.79310344827586,4.731379310344828,1.7024221453287198,0.6620689655172414,0.5379310344827586,1.054786678403616,1,Catch-and-Shoot
anthony davis,203076,841,10.40653983353151,3.7392390011890604,1.9101553166069294,0.5422116527942925,0.01070154577883472,34.93849470093846,0,Interior Finishers
james johnson,201949,311,7.845337620578778,3.490353697749196,2.6470967741935483,1.8617363344051447,0.13183279742765272,31.64787451922893,0,Interior Finishers
nikola vucevic,202696,902,9.473503325942351,3.7027716186252775,1.7414905450500555,0.7195121951219512,0.0033259423503325942,31.135470867156982,0,Interior Finishers
deandre jordan,201599,393,3.4178117048346057,2.892620865139949,0.8053846153846155,0.15776081424936386,0.007633587786259542,27.97414653748274,0,Interior Finishers
al jefferson,2744,800,9.315375,3.029875,2.658238993710692,0.69625,0.00375,21.912369921803474,0,Interior Finishers
amare stoudemire,2405,336,6.576190476190476,2.649404761904762,2.437797619047619,0.6636904761904762,0.008928571428571428,19.394873518496752,0,Interior Finishers
derrick favors,202324,677,7.729394387001477,3.0744460856720828,1.734074074074074,0.5805022156573116,0.0014771048744460858,18.940606869757172,0,Interior Finishers
kevin seraphin,202338,336,8.930654761904762,3.3782738095238094,2.3901785714285717,0.8690476190476191,0.002976190476190476,18.507107079029083,0,Interior Finishers
alexis ajinca,201582,211,8.191943127962086,3.636018957345972,1.4165876777251183,0.3886255924170616,0.0,17.443195104599,0,Interior Finishers
ed davis,202334,350,4.418571428571428,2.237142857142857,1.2344827586206897,0.35428571428571426,0.0,15.92009399831295,0,Interior Finishers
shaun livingston,2733,263,9.432699619771864,3.0927756653992393,3.735361216730038,3.2699619771863118,0.0076045627376425855,15.74811565130949,0,Interior Finishers
jonas valanciunas,202685,486,5.644444444444444,2.800617283950617,2.053814432989691,0.6934156378600823,0.0,15.338069915771484,0,Interior Finishers
amir johnson,101161,402,6.937313432835821,3.0925373134328358,1.3969999999999998,0.5199004975124378,0.0845771144278607,15.135440021753311,0,Interior Finishers
pau gasol,2200,818,10.161246943765281,3.773105134474328,2.3033088235294117,0.910757946210269,0.019559902200488997,14.005777031183245,0,Interior Finishers
donatas motiejunas,202700,576,9.441493055555556,3.833854166666667,1.912914485165794,0.8003472222222222,0.1840277777777778,12.283766053617,0,Interior Finishers
tyson chandler,2199,340,4.130588235294118,3.222058823529412,0.8829411764705882,0.11470588235294117,0.0,12.11963066458702,0,Interior Finishers
rudy gobert,203497,267,3.551310861423221,2.4243445692883894,1.0830827067669173,0.26591760299625467,0.003745318352059925,11.786569148302078,0,Interior Finishers
dwight howard,2730,334,4.205688622754491,2.3907185628742513,2.4778443113772455,0.9281437125748503,0.005988023952095809,10.644170820713043,0,Interior Finishers
carlos boozer,2430,620,9.858387096774193,3.484677419354839,2.0033925686591276,0.7048387096774194,0.0,10.254831194877625,0,Interior Finishers
john henson,203089,241,4.9684647302904565,2.6614107883817426,1.5377593360995852,0.5269709543568465,0.0,10.028727382421494,0,Interior Finishers
brook lopez,201572,631,10.050554675118859,3.7670364500792393,1.9561904761904763,0.6624405705229794,0.012678288431061807,9.857600450515749,0,Interior Finishers
shabazz muhammad,203498,391,9.927365728900256,3.157289002557545,1.689203084832905,1.0127877237851663,0.13043478260869565,2.8448016569018364,0,Interior Finishers
marcin gortat,101162,570,7.37561403508772,3.303859649122807,1.6841269841269841,0.49298245614035086,0.005263157894736842,2.3642880618572235,0,Interior Finishers
carl landry,201171,287,9.737979094076655,3.6588850174216025,1.73205574912892,0.3797909407665505,0.0,2.2826488614082336,0,Interior Finishers
tim duncan,1495,627,8.110207336523127,3.0655502392344496,2.09216,0.7767145135566188,0.004784688995215311,0.7130195088684559,0,Interior Finishers
steve adams,203500,274,4.871897810218979,2.5554744525547446,1.745054945054945,0.4489051094890511,0.0036496350364963502,0.6772468388080597,0,Interior Finishers
roy hibbert,201579,528,9.820454545454545,3.2265151515151516,2.3681214421252372,0.8200757575757576,0.001893939393939394,0.4418810755014419,0,Interior Finishers
dirk nowtizski,1717,816,17.266789215686277,4.480759803921569,1.9888480392156864,0.6446078431372549,0.2549019607843137,43.48366067558527,3,Mid-Range Scorers
al horford,201143,715,11.973566433566434,4.886153846153846,1.8148667601683028,0.5370629370629371,0.04055944055944056,30.469508484005928,3,Mid-Range Scorers
chris bosh,2547,745,15.27234899328859,4.492080536912751,2.3092866756393002,0.7140939597315437,0.22550335570469798,24.110614024102688,3,Mid-Range Scorers
khris middleton,203114,562,15.431138790035586,4.691814946619218,1.9064056939501781,1.1708185053380782,0.302491103202847,17.700347300618887,3,Mid-Range Scorers
david west,2561,513,13.820077972709552,4.404873294346978,1.794140625,0.797270955165692,0.03313840155945419,14.624600879848003,3,Mid-Range Scorers
carmelo anthony,2546,792,14.995707070707072,3.6273989898989902,3.236662452591656,1.8244949494949494,0.2222222222222222,14.430792924016714,3,Mid-Range Scorers
markieff morris,202693,830,12.709759036144579,4.095903614457831,2.1264563106796115,0.9120481927710843,0.1746987951807229,14.090142657980325,3,Mid-Range Scorers
marc gasol,201188,814,11.062285012285013,4.140540540540541,2.2988943488943487,0.8304668304668305,0.0171990171990172,14.00948552787304,3,Mid-Range Scorers
serge ibaka,201586,735,15.380272108843537,4.934829931972789,1.3823287671232878,0.2612244897959184,0.2693877551020408,12.884442418813704,3,Mid-Range Scorers
arron afflalo,201167,688,16.345058139534885,3.9313953488372095,2.413245997088792,1.7325581395348837,0.376453488372093,11.845748417079449,3,Mid-Range Scorers
blake griffin,201933,893,11.82474804031355,4.617357222844345,2.418785151856018,1.16013437849944,0.023516237402015677,11.3263967782259,3,Mid-Range Scorers
gerald henderson,201945,563,14.55968028419183,4.006927175843694,2.618181818181818,1.8543516873889876,0.1705150976909414,11.212843526154757,3,Mid-Range Scorers
luol deng,2736,567,13.377777777777778,4.151499118165785,1.8239858906525575,0.9523809523809523,0.2716049382716049,11.051476791501043,3,Mid-Range Scorers
lamarcus aldridge,200746,1050,13.61695238095238,4.072190476190476,2.4888782358581016,1.2676190476190476,0.06380952380952382,9.553893722593784,3,Mid-Range Scorers
nene hilario,2403,479,9.740292275574113,4.1578288100208765,2.097489539748954,0.6304801670146137,0.010438413361169102,6.465613171458244,3,Mid-Range Scorers
kelly olynyk,203482,341,12.767155425219942,4.53108504398827,1.6194690265486726,0.6832844574780058,0.2961876832844575,4.385648556053639,3,Mid-Range Scorers
kyle oquinn,203124,209,12.702392344497609,4.610047846889952,1.7684210526315791,0.4354066985645933,0.18660287081339713,4.1538373827934265,3,Mid-Range Scorers
jason smith,201160,432,14.702314814814814,4.674305555555556,1.5496519721577726,0.32407407407407407,0.037037037037037035,3.143419027328491,3,Mid-Range Scorers
kevin garnett,708,301,14.457142857142859,5.080398671096345,1.4601328903654485,0.3920265780730897,0.023255813953488372,3.014123558998108,3,Mid-Range Scorers
harrison barnes,203084,463,13.789200863930885,5.269114470842332,1.7833333333333332,0.9028077753779697,0.3347732181425486,1.6909745261073112,3,Mid-Range Scorers
jared sullinger,203096,665,13.23248120300752,4.192631578947369,1.9311746987951806,0.762406015037594,0.26015037593984963,1.3036648258566856,3,Mid-Range Scorers
travis wear,204037,162,16.717283950617283,4.848765432098766,1.9453416149068323,0.7407407407407407,0.14814814814814814,0.6545842885971069,3,Mid-Range Scorers
leandro barbosa,2571,256,12.95234375,4.1953125,2.125,1.55078125,0.29296875,0.3710246533155441,3,Mid-Range Scorers
trevor booker,202344,327,10.67920489296636,4.222018348623853,1.6337423312883437,0.6605504587155964,0.1743119266055046,0.1237483583390712,3,Mid-Range Scorers
stephen curry,201939,968,17.470454545454547,4.515185950413223,3.91198347107438,3.700413223140496,0.47107438016528924,62.48011235520244,2,On-Ball Creators
chris paul,101108,885,16.616497175141244,4.606553672316385,5.994802259887005,5.9785310734463275,0.28926553672316385,60.71131115034223,2,On-Ball Creators
lebron james,2544,978,14.01002044989775,4.192842535787322,5.728761514841351,4.6656441717791415,0.25766871165644173,44.463242057710886,2,On-Ball Creators
kyrie irving,202681,942,14.226539278131634,3.6491507430997876,5.23716719914803,5.088110403397027,0.31528662420382164,35.10922473296523,2,On-Ball Creators
joe johnson,2207,767,15.357496740547589,4.055932203389831,3.837027379400261,3.239895697522816,0.32073011734028684,30.50709025748074,2,On-Ball Creators
james harden,201935,1054,14.850759013282733,3.762333965844402,5.699050332383666,4.907969639468691,0.38519924098671726,27.799300022423267,2,On-Ball Creators
jamal crawford,2037,803,18.795018679950186,3.8432129514321294,3.575405742821473,3.2552926525529267,0.42963885429638854,22.47081185504794,2,On-Ball Creators
mo williams,2590,559,19.56869409660107,4.204114490161001,4.9594982078853045,5.277280858676208,0.40429338103756707,21.19759163632989,2,On-Ball Creators
darren collison,201954,550,15.296181818181818,4.267818181818182,4.921493624772314,4.663636363636364,0.2927272727272727,19.60352156404406,2,On-Ball Creators
beno urdih,2757,356,14.86123595505618,4.373033707865169,3.612957746478873,3.4831460674157304,0.21629213483146068,19.29834759607911,2,On-Ball Creators
dwayne wade,2548,703,12.444238975817923,3.3799431009957326,4.188445078459344,3.3641536273115222,0.08392603129445235,19.270212028175592,2,On-Ball Creators
jarrett jack,101127,612,14.502124183006535,3.913562091503268,5.4898527004909985,5.503267973856209,0.17647058823529413,18.984549786895517,2,On-Ball Creators
rudy gay,200752,879,13.049488054607508,3.5773606370875997,3.650170648464164,2.6951080773606373,0.1831626848691695,17.675788536667824,2,On-Ball Creators
andre miller,1889,174,8.507471264367815,2.8982758620689655,5.441040462427745,5.109195402298851,0.05747126436781609,16.351576380431652,2,On-Ball Creators
cory joseph,202709,346,9.992196531791908,3.457514450867052,3.8450867052023123,4.034682080924855,0.1069364161849711,16.302238129079342,2,On-Ball Creators
lou williams,101150,679,18.770544918998528,4.188954344624448,4.607237813884786,4.0382916053019144,0.4889543446244477,13.986125878989697,2,On-Ball Creators
ben gordon,2732,255,16.661176470588238,3.9913725490196077,3.4153543307086616,2.6862745098039214,0.3254901960784314,13.924796350300312,2,On-Ball Creators
aaron brooks,201166,561,15.088591800356507,3.671836007130125,4.977996422182469,5.402852049910874,0.38859180035650626,10.46094349399209,2,On-Ball Creators
jeremy lin,202391,515,14.412815533980583,3.7454368932038835,5.106225680933852,4.662135922330097,0.2854368932038835,8.757972333580256,2,On-Ball Creators
tony parker,2225,560,12.885357142857144,3.7598214285714286,4.99087656529517,5.692857142857143,0.12142857142857143,8.636422626674175,2,On-Ball Creators
damian lillard,203081,986,16.33874239350913,4.149087221095335,5.114807302231237,4.953346855983773,0.4290060851926978,7.981724042445421,2,On-Ball Creators
mike conley,201144,727,14.012242090784044,4.266162310866575,4.356808803301238,4.2833562585969736,0.2984869325997249,7.318503387272358,2,On-Ball Creators
jrue holiday,201950,508,13.255118110236221,3.9549212598425196,5.16988188976378,5.206692913385827,0.25,7.317571520805359,2,On-Ball Creators
mnta ellis,101145,1052,14.453326996197719,4.297338403041826,3.96022835394862,3.252851711026616,0.21958174904942965,7.239077381789684,2,On-Ball Creators
brian roberts,203148,372,18.702956989247312,4.75,3.6120967741935486,3.303763440860215,0.4112903225806452,6.661116659641266,2,On-Ball Creators
greivis vasquez,202349,543,17.14051565377532,4.69060773480663,3.719889502762431,3.3333333333333335,0.4677716390423573,6.467756733298302,2,On-Ball Creators
kyle lowry,200768,879,15.975995449374288,3.906029579067122,5.253705815279361,5.097838452787259,0.3594994311717861,4.9627779815346,2,On-Ball Creators
goran dragic,201609,753,11.740106241699866,4.126826029216468,3.2364361702127664,2.8379814077025234,0.2695883134130146,3.683801427483559,2,On-Ball Creators
gordon hayward,202330,867,14.71833910034602,4.551672433679355,3.528983833718245,2.9538638985005767,0.3033448673587082,3.4586617313325405,2,On-Ball Creators
jerryd bayless,201573,403,15.008684863523573,4.776923076923077,4.069651741293533,3.553349875930521,0.22084367245657568,3.1602911353111267,2,On-Ball Creators
john wall,202322,874,14.325514874141877,4.508352402745996,5.604805491990847,5.591533180778032,0.18764302059496568,2.41348834335804,2,On-Ball Creators
ty lawson,201951,733,14.229467939972716,4.401091405184174,5.3669849931787175,5.18281036834925,0.2291950886766712,1.685452587902546,2,On-Ball Creators
donald sloan,202388,338,14.391420118343197,3.4295857988165683,5.367952522255193,5.553254437869822,0.3698224852071006,1.3193736039102075,2,On-Ball Creators
cj watson,201228,301,17.10830564784053,4.762458471760797,3.6415282392026573,3.425249169435216,0.4119601328903654,1.157495316118002,2,On-Ball Creators
jeff teague,201952,687,11.79825327510917,4.31353711790393,5.50801749271137,5.62882096069869,0.24745269286754004,0.9557536859065294,2,On-Ball Creators
reggie jackson,202704,659,14.595295902883155,4.041578148710167,5.326251896813353,5.338391502276176,0.26707132018209406,0.7336382865905762,2,On-Ball Creators
