player_name,player_id,shots,fgm,points,expected_makes,fg_pct,efg_pct,expected_fg_pct,smoke_rate,fg_rank,efg_rank,smoke_rank,rank_shift_vs_fg,rank_shift_vs_efg
jamal crawford,2037,803,322,759,299.52918814495206,0.40099626400996263,0.4726027397260274,0.37301268760268,0.027983576407282607,220.0,192.0,52.0,168.0,140.0
pablo prigioni,203143,174,71,187,65.05396711826324,0.40804597701149425,0.5373563218390804,0.3738733742428922,0.03417260276860207,206.0,49.0,39.0,167.0,10.0
jordan farmar,200770,158,61,157,58.400050580501556,0.3860759493670886,0.49683544303797467,0.36962057329431364,0.016455376072774974,237.0,119.0,78.0,159.0,41.0
mo williams,2590,559,233,548,211.8024083636701,0.41681574239713776,0.49016100178890876,0.37889518490817553,0.037920557488962225,189.0,151.0,30.0,159.0,121.0
lou williams,101150,679,273,659,259.0138741210103,0.4020618556701031,0.4852724594992636,0.3814637321369813,0.020598123533121793,217.0,162.0,60.0,157.0,102.0
steve blake,2581,247,93,241,90.72025457397103,0.3765182186234818,0.48785425101214575,0.3672884800565629,0.009229738566918888,247.0,154.0,92.0,155.0,62.0
brian roberts,203148,372,149,347,142.33888334035873,0.40053763440860213,0.46639784946236557,0.3826314068289213,0.0179062275796808,221.0,205.0,69.0,152.0,136.0
channing frye,101112,412,161,437,155.51300071179867,0.3907766990291262,0.5303398058252428,0.37745873959174436,0.013317959437381843,232.0,59.0,84.0,148.0,-25.0
ben gordon,2732,255,111,252,97.07520364969969,0.43529411764705883,0.49411764705882355,0.3806870731360772,0.05460704451098164,156.0,128.0,12.0,144.0,116.0
jason terry,1891,339,141,376,131.44375053793192,0.415929203539823,0.5545722713864307,0.387739677103044,0.028189526436778967,192.0,22.0,51.0,141.0,-29.0
damjan rudez,204014,195,83,210,76.1665490269661,0.4256410256410256,0.5384615384615384,0.39059768731777483,0.035043338323250794,173.0,47.0,37.0,136.0,10.0
jeremy lamb,203087,224,94,225,87.6322473064065,0.41964285714285715,0.5022321428571429,0.39121538976074327,0.02842746738211388,184.0,105.0,50.0,134.0,55.0
wayne ellington,201961,438,189,441,173.04939723014832,0.4315068493150685,0.5034246575342466,0.39508994801403724,0.03641690130103126,164.0,99.0,34.0,130.0,65.0
matt bonner,2588,199,79,196,77.4527090638876,0.3969849246231156,0.49246231155778897,0.3892095932858673,0.007775331337248281,225.0,138.0,98.0,127.0,40.0
aaron brooks,201166,561,233,555,222.5390565060079,0.41532976827094475,0.4946524064171123,0.3966828101711371,0.018646958099807653,193.0,126.0,67.0,126.0,59.0
rasual butler,2446,407,177,429,161.95196122303605,0.4348894348894349,0.527027027027027,0.3979163666413662,0.036973068248068675,158.0,64.0,33.0,125.0,31.0
caron butler,2406,290,112,274,110.94521332159638,0.38620689655172413,0.4724137931034483,0.38256970110895305,0.0036371954427710795,236.0,193.0,112.0,124.0,81.0
joe johnson,2207,767,335,761,304.49290974251926,0.4367666232073012,0.49608865710560623,0.39699205963822587,0.03977456356907533,153.0,122.0,29.0,124.0,93.0
anthony morrow,201627,413,183,444,163.51765521243215,0.4430992736077482,0.5375302663438256,0.39592652593809236,0.047172747669655846,138.0,48.0,15.0,123.0,33.0
nick young,201156,473,174,431,174.27342037297785,0.3678646934460888,0.45560253699788583,0.36844274920291303,-0.0005780557568242362,251.0,225.0,129.0,122.0,96.0
greivis vasquez,202349,543,221,535,214.5322432667017,0.40699815837937386,0.49263351749539597,0.3950870041744046,0.011911154204969243,209.0,136.0,89.0,120.0,47.0
jose calderon,101181,346,143,342,137.8341882750392,0.41329479768786126,0.49421965317919075,0.3983647059972231,0.014930091690638136,197.0,127.0,81.0,116.0,46.0
gerald green,101123,630,257,627,251.79250342026353,0.40793650793650793,0.4976190476190476,0.39967064034962463,0.008265867586883302,207.0,116.0,94.0,113.0,22.0
charlie villanueva,101111,241,102,262,97.87345644831657,0.42323651452282157,0.5435684647302904,0.40611392717143807,0.0171225873513835,178.0,44.0,73.0,105.0,-29.0
alan anderson,101187,337,146,352,138.17575662583113,0.4332344213649852,0.5222551928783383,0.41001708197576003,0.023217339389225156,161.0,72.0,58.0,103.0,14.0
wesley matthews,202083,748,336,845,303.6432684622705,0.44919786096256686,0.5648395721925134,0.4059401984789713,0.04325766248359558,123.0,19.0,23.0,100.0,-4.0
arron afflalo,201167,688,295,679,283.15425158292055,0.42877906976744184,0.4934593023255814,0.41156141218447756,0.017217657582964285,169.0,133.0,71.0,98.0,62.0
marvin williams,101107,318,140,341,130.87191580981016,0.44025157232704404,0.5361635220125787,0.41154690506229613,0.028704667264747907,144.0,51.0,47.0,97.0,4.0
gary neal,202390,459,168,384,171.59799006581306,0.3660130718954248,0.41830065359477125,0.3738518302087431,-0.007838758313318261,253.0,255.0,157.0,96.0,98.0
marco belinelli,201158,324,141,337,134.50470505654812,0.4351851851851852,0.5200617283950617,0.41513797856959295,0.020047206615592228,157.0,74.0,62.0,95.0,12.0
donald sloan,202388,338,139,318,137.6806263960898,0.41124260355029585,0.47041420118343197,0.4073391313493781,0.003903472200917746,202.0,198.0,109.0,93.0,89.0
shabazz napier,203894,207,79,197,80.21840093284845,0.38164251207729466,0.4758454106280193,0.3875285069219732,-0.005885994844678555,243.0,188.0,151.0,92.0,37.0
kyle lowry,200768,879,364,828,359.0372220184654,0.4141069397042093,0.4709897610921502,0.40846100343397657,0.005645936270232743,195.0,196.0,104.0,91.0,92.0
time hardaway jr,203501,595,231,557,233.74983276426792,0.38823529411764707,0.4680672268907563,0.39285686178868556,-0.004621567671038496,235.0,200.0,144.0,91.0,56.0
hollis thompson,203138,344,139,350,139.154463108629,0.40406976744186046,0.5087209302325582,0.4045187881064796,-0.0004490206646191597,215.0,86.0,126.0,89.0,-40.0
gerald henderson,201945,563,246,523,234.78715647384524,0.4369449378330373,0.4644760213143872,0.41702869711162566,0.019916240721411627,152.0,210.0,63.0,89.0,147.0
danny green,201980,556,237,610,229.61943632364273,0.4262589928057554,0.5485611510791367,0.4129845977043934,0.013274395101362024,172.0,33.0,85.0,87.0,-52.0
jarrett jack,101127,612,273,572,254.0154502131045,0.44607843137254904,0.4673202614379085,0.41505792518481127,0.031020506187737773,132.0,201.0,46.0,86.0,155.0
dirk nowtizski,1717,816,377,828,333.51633932441473,0.46200980392156865,0.5073529411764706,0.40872100407403766,0.05328879984753099,99.0,90.0,14.0,85.0,76.0
shawne williams,200761,238,102,263,98.8908934108913,0.42857142857142855,0.5525210084033614,0.4155079555079466,0.013063473063481934,171.0,25.0,86.0,85.0,-61.0
tony snell,203503,229,105,260,94.99653260409832,0.4585152838427948,0.5676855895196506,0.41483202010523285,0.04368326373756193,106.0,17.0,22.0,84.0,-5.0
cj miles,101139,560,214,523,219.40829913318157,0.3821428571428571,0.4669642857142857,0.39180053416639565,-0.009657677023538536,242.0,202.0,160.0,82.0,42.0
jj redick,200755,649,299,738,270.5824186652899,0.46070878274268107,0.5685670261941448,0.41692206265838194,0.043786720084299124,101.0,15.0,21.0,80.0,-6.0
luke babbitt,202337,156,73,198,61.65791168808937,0.46794871794871795,0.6346153846153846,0.3952430236415985,0.07270569430711943,85.0,4.0,5.0,80.0,-1.0
jon ingles,204060,220,90,221,90.10954214632511,0.4090909090909091,0.5022727272727273,0.4095888279378414,-0.0004979188469322882,204.0,104.0,127.0,77.0,-23.0
marcus thornton,201977,316,130,312,130.0350709222257,0.41139240506329117,0.4936708860759494,0.41150338899438516,-0.00011098393109398863,201.0,131.0,124.0,77.0,7.0
travis wear,204037,162,68,145,67.3454157114029,0.41975308641975306,0.44753086419753085,0.4157124426629808,0.004040643756772266,183.0,235.0,107.0,76.0,128.0
carmelo anthony,2546,792,349,758,334.5692070759833,0.44065656565656564,0.47853535353535354,0.4224358675201809,0.018220698136384716,143.0,183.0,68.0,75.0,115.0
richard jefferson,2210,237,105,259,100.35550794005394,0.4430379746835443,0.5464135021097046,0.4234409617723795,0.01959701291116478,139.0,39.0,65.0,74.0,-26.0
klay thompson,202691,971,449,1075,407.0427756495774,0.4624098867147271,0.5535530381050463,0.41919956297587785,0.043210323738849254,97.0,23.0,24.0,73.0,-1.0
rudy gay,200752,879,392,841,374.3242114633322,0.4459613196814562,0.47838452787258245,0.42585234523701043,0.02010897444444576,133.0,184.0,61.0,72.0,123.0
devin harris,2734,431,175,430,176.4887557271868,0.4060324825986079,0.4988399071925754,0.40948667222085106,-0.0034541896222431423,212.0,113.0,141.0,71.0,-28.0
jeremy lin,202391,515,226,506,217.24202766641974,0.4388349514563107,0.4912621359223301,0.42182917993479563,0.017005771521515056,145.0,144.0,75.0,70.0,69.0
paul pierce,1718,527,240,571,222.48217918723822,0.45540796963946867,0.5417457305502846,0.4221673229359359,0.03324064670353277,109.0,46.0,40.0,69.0,6.0
damian lillard,203081,986,426,995,418.0182759575546,0.43204868154158216,0.5045638945233266,0.42395362673179976,0.008095054809782398,163.0,98.0,95.0,68.0,3.0
marcus morris,202694,537,242,571,225.09133982658386,0.4506517690875233,0.5316573556797021,0.4191645061947558,0.03148726289276749,113.0,58.0,45.0,68.0,13.0
cj watson,201228,301,128,303,126.842504683882,0.42524916943521596,0.5033222591362126,0.4214036700461196,0.0038454993890963407,174.0,100.0,110.0,64.0,-10.0
cj mccollum,203468,174,68,167,70.12826009839773,0.39080459770114945,0.47988505747126436,0.40303597757699844,-0.012231379875848991,231.0,180.0,168.0,63.0,12.0
james harden,201935,1054,474,1103,446.20069997757673,0.4497153700189753,0.5232447817836812,0.4233403225593707,0.026375047459604617,119.0,70.0,56.0,63.0,14.0
ryan anderson,201583,651,266,643,268.76632455550134,0.40860215053763443,0.49385560675883255,0.4128514970130589,-0.004249346475424465,205.0,129.0,143.0,62.0,-14.0
chris bosh,2547,745,343,749,318.8893859758973,0.4604026845637584,0.5026845637583892,0.42803944426294943,0.03236324030080895,103.0,101.0,41.0,62.0,60.0
reggie jackson,202704,659,277,601,276.2663617134094,0.4203338391502276,0.4559939301972686,0.41922057923127376,0.001113259918953835,181.0,224.0,120.0,61.0,104.0
chris paul,101108,885,425,947,364.2886888496578,0.480225988700565,0.5350282485875706,0.4116256371182574,0.0686003515823076,67.0,52.0,7.0,60.0,45.0
trey burke,203504,783,294,684,308.9048300869763,0.37547892720306514,0.4367816091954023,0.3945144700983094,-0.019035542895244284,248.0,247.0,189.0,59.0,58.0
danilo gallinai,201568,351,129,322,136.17080534808338,0.36752136752136755,0.4586894586894587,0.3879510123877019,-0.020429644866334362,252.0,219.0,195.0,57.0,24.0
kyrie irving,202681,942,439,998,403.89077526703477,0.46602972399150744,0.529723991507431,0.428758784784538,0.037270939206969445,88.0,61.0,32.0,56.0,29.0
wesley johnson,202325,472,197,463,197.59410420060158,0.4173728813559322,0.4904661016949153,0.4186315766961898,-0.0012586953402575762,188.0,150.0,132.0,56.0,18.0
terrence ross,203082,564,230,565,233.4967810176313,0.4078014184397163,0.500886524822695,0.4140013847830342,-0.006199966343317931,208.0,107.0,154.0,54.0,-47.0
oj mayo,201564,571,236,549,238.3636756502092,0.4133099824868651,0.4807355516637478,0.4174495195275117,-0.004139537040646568,196.0,176.0,142.0,54.0,34.0
jrue holiday,201950,508,226,499,218.68242847919464,0.4448818897637795,0.4911417322834646,0.43047722141573747,0.014404668348042049,134.0,146.0,82.0,52.0,64.0
stephen curry,201939,968,470,1130,407.51988764479756,0.4855371900826446,0.5836776859504132,0.4209916194677661,0.06454557061487853,60.0,11.0,8.0,52.0,3.0
kobe bryant,977,713,266,586,281.5278906971216,0.37307152875175315,0.4109396914446003,0.3948497765738031,-0.021778247822049956,249.0,259.0,198.0,51.0,61.0
courtney lee,201584,476,225,525,204.817605137825,0.4726890756302521,0.5514705882352942,0.43028908642400215,0.04239998920624993,76.0,27.0,26.0,50.0,1.0
kyle korver,2594,478,235,646,181.2912979722023,0.4916317991631799,0.6757322175732218,0.3792704978497956,0.11236130131338429,51.0,3.0,1.0,50.0,2.0
kemba walker,202689,695,278,622,287.8798731248826,0.4,0.4474820143884892,0.4142156447840037,-0.014215644784003667,222.0,236.0,174.0,48.0,62.0
jared dudley,201162,359,173,413,156.44200334697962,0.4818941504178273,0.575208913649025,0.4357715970667956,0.046122553351031714,63.0,14.0,17.0,46.0,-3.0
patrick patterson,202335,405,188,460,176.42809044197202,0.4641975308641975,0.5679012345679012,0.43562491467153586,0.02857261619266166,94.0,16.0,48.0,46.0,-32.0
manu ginobili,1938,492,209,492,209.41275802254677,0.4247967479674797,0.5,0.42563568703769666,-0.0008389390702169819,175.0,109.0,131.0,44.0,-22.0
beno urdih,2757,356,174,365,154.7016524039209,0.4887640449438202,0.5126404494382022,0.43455520338180026,0.05420884156201994,56.0,83.0,13.0,43.0,70.0
robert covington,203496,510,202,517,210.51243374682963,0.396078431372549,0.5068627450980392,0.41276947793496005,-0.01669104656241105,227.0,91.0,184.0,43.0,-93.0
marcus smart,203935,299,108,275,117.38611257076263,0.3612040133779264,0.459866220735786,0.39259569421659746,-0.031391680838671054,256.0,216.0,213.0,43.0,3.0
isaiah thomas,202738,618,259,614,262.05340302735567,0.4190938511326861,0.4967637540453074,0.42403463273034897,-0.004940781597662869,186.0,121.0,145.0,41.0,-24.0
mike conley,201144,727,325,735,317.68149661272764,0.4470426409903714,0.5055020632737276,0.43697592381393074,0.010066717176440643,130.0,94.0,90.0,40.0,4.0
mirza teletovic,203141,318,122,306,129.07656771689653,0.3836477987421384,0.4811320754716981,0.40590115634244195,-0.022253357600303558,240.0,175.0,200.0,40.0,-25.0
derrick rose,201565,774,315,701,325.0409753881395,0.4069767441860465,0.4528423772609819,0.4199495806048314,-0.012972836418784883,210.0,229.0,170.0,40.0,59.0
darren collison,201954,550,260,580,240.39647843595594,0.4727272727272727,0.5272727272727272,0.43708450624719264,0.03564276648008008,75.0,63.0,36.0,39.0,27.0
lebron james,2544,978,478,1041,433.5367579422891,0.4887525562372188,0.5322085889570553,0.4432891185503979,0.04546343768682093,57.0,57.0,19.0,38.0,38.0
matthew dellavedova,203521,210,73,190,81.06056367978454,0.3476190476190476,0.4523809523809524,0.38600268418945016,-0.03838363657040256,259.0,230.0,221.0,38.0,9.0
khris middleton,203114,562,265,600,247.2996526993811,0.47153024911032027,0.5338078291814946,0.4400349692159806,0.031495279894339645,79.0,54.0,44.0,35.0,10.0
kyle singler,202713,383,151,385,158.8039652109146,0.39425587467362927,0.5026109660574413,0.41463176295277965,-0.020375888279150378,229.0,102.0,194.0,35.0,-92.0
chris copeland,203142,305,111,273,121.90383773297071,0.3639344262295082,0.44754098360655736,0.3996847138785925,-0.03575028764908428,255.0,234.0,220.0,35.0,14.0
jerryd bayless,201573,403,180,390,176.83970886468887,0.4466501240694789,0.4838709677419355,0.43880821058235453,0.007841913487124375,131.0,164.0,97.0,34.0,67.0
avery bradley,202340,755,325,741,326.06423782370985,0.4304635761589404,0.49072847682119203,0.43187316268041037,-0.0014095865214699965,167.0,149.0,133.0,34.0,16.0
jose juan barea,200826,424,179,405,181.11435807868838,0.4221698113207547,0.47759433962264153,0.42715650490256696,-0.0049866935818122515,180.0,185.0,146.0,34.0,39.0
jonas jerebko,201973,232,108,254,101.90416876971722,0.46551724137931033,0.5474137931034483,0.4392421067660225,0.026275134613287843,89.0,36.0,57.0,32.0,-21.0
vince carter,1713,283,94,232,108.14561488479376,0.3321554770318021,0.4098939929328622,0.38213998192506626,-0.04998450489326417,265.0,262.0,235.0,30.0,27.0
kirk hinrich,2550,314,113,271,127.05337242037058,0.35987261146496813,0.4315286624203822,0.40462857458716744,-0.044755963122199316,257.0,250.0,229.0,28.0,21.0
ronnie price,101179,223,77,185,87.58175086602569,0.3452914798206278,0.4147982062780269,0.39274327742612414,-0.04745179760549634,261.0,257.0,234.0,27.0,23.0
dwayne wade,2548,703,331,677,311.7297879718244,0.47083926031294454,0.48150782361308675,0.44342786340231066,0.02741139691063388,80.0,172.0,54.0,26.0,118.0
ty lawson,201951,733,324,708,322.31454741209745,0.44201909959072305,0.4829467939972715,0.43971970997557636,0.0022993896151466964,141.0,166.0,115.0,26.0,51.0
dennis schroder,203471,453,196,423,196.8807392269373,0.4326710816777042,0.46688741721854304,0.43461531838176004,-0.0019442367040558572,162.0,203.0,137.0,25.0,66.0
deron williams,101114,515,201,459,215.96887849271297,0.39029126213592236,0.44563106796116503,0.4193570456169184,-0.029065783480996032,233.0,238.0,208.0,25.0,30.0
tony parker,2225,560,257,546,248.36357737332582,0.4589285714285714,0.4875,0.4435063881666533,0.015422183261918132,104.0,156.0,80.0,24.0,76.0
jimmer dredette,202690,151,58,124,62.89060989767313,0.3841059602649007,0.4105960264900662,0.4164941052826035,-0.03238814501770282,239.0,260.0,215.0,24.0,45.0
nate robinson,101126,202,69,162,80.38334989920259,0.3415841584158416,0.400990099009901,0.39793737573862664,-0.05635321732278503,263.0,264.0,240.0,23.0,24.0
dj augustin,201571,526,214,489,223.97100047953427,0.4068441064638783,0.46482889733840305,0.425800381139799,-0.018956274675920703,211.0,209.0,188.0,23.0,21.0
lamarcus aldridge,200746,1050,473,971,463.4461062774062,0.4504761904761905,0.4623809523809524,0.4413772440737202,0.009098946402470276,115.0,214.0,93.0,22.0,121.0
patrick beverley,201976,456,174,449,191.87922433018684,0.3815789473684211,0.4923245614035088,0.42078777265391853,-0.03920882528549746,244.0,139.0,222.0,22.0,-83.0
jeff green,201145,714,300,669,307.01644238457084,0.42016806722689076,0.4684873949579832,0.4299950173453373,-0.009826950118446531,182.0,199.0,161.0,21.0,38.0
kentavious caldwell-pope,203484,683,272,659,288.135272923857,0.39824304538799415,0.48243045387994143,0.42186716387094725,-0.023624118482953094,223.0,167.0,202.0,21.0,-35.0
david west,2561,513,245,494,230.375399120152,0.4775828460038986,0.48148148148148145,0.4490748520860663,0.02850799391783232,70.0,173.0,49.0,21.0,124.0
garrett temple,202066,158,62,154,66.76974420249462,0.3924050632911392,0.4873417721518987,0.42259331773730774,-0.030188254446168516,230.0,157.0,210.0,20.0,-53.0
wilson chandler,201163,733,304,714,314.6079714894295,0.4147339699863574,0.4870395634379263,0.42920596383278237,-0.014471993846424946,194.0,158.0,175.0,19.0,-17.0
mnta ellis,101145,1052,473,1018,465.7609226182103,0.44961977186311786,0.4838403041825095,0.44273851959905924,0.006881252264058613,120.0,165.0,101.0,19.0,64.0
nik stauskas,203917,192,65,156,76.49150130152702,0.3385416666666667,0.40625,0.39839323594545323,-0.05985156927878654,264.0,263.0,245.0,19.0,18.0
mario chalmers,201596,518,210,473,220.9717735350132,0.40540540540540543,0.45656370656370654,0.4265864353957784,-0.021181029990372968,214.0,223.0,196.0,18.0,27.0
cory joseph,202709,346,175,363,158.69776187092066,0.5057803468208093,0.5245664739884393,0.4586640516500597,0.04711629517074961,34.0,68.0,16.0,18.0,52.0
nicolas batum,201587,450,175,417,189.90037071704865,0.3888888888888889,0.4633333333333333,0.4220008238156637,-0.03311193492677478,234.0,212.0,216.0,18.0,-4.0
kevin seraphin,202338,336,173,346,154.49289292097092,0.5148809523809523,0.5148809523809523,0.4598002765505087,0.055080675830443626,28.0,79.0,11.0,17.0,68.0
shaun livingston,2733,263,138,276,122.25188434869051,0.5247148288973384,0.5247148288973384,0.4648360621623213,0.05987876673501713,26.0,67.0,9.0,17.0,58.0
gordon hayward,202330,867,389,875,385.54133826866746,0.4486735870818916,0.5046136101499423,0.44468435786466837,0.0039892292172232224,125.0,97.0,108.0,17.0,-11.0
al jefferson,2744,800,382,766,360.0876300781965,0.4775,0.47875,0.45010953759774563,0.027390462402254345,71.0,182.0,55.0,16.0,127.0
dante exum,203957,285,98,249,115.26866181194782,0.34385964912280703,0.4368421052631579,0.4044514449542029,-0.060591795831395845,262.0,246.0,247.0,15.0,-1.0
andre miller,1889,174,95,191,78.64842361956835,0.5459770114942529,0.5488505747126436,0.4520024345952204,0.09397457689903255,17.0,32.0,3.0,14.0,29.0
brandon knight,202688,828,355,829,360.9090567305684,0.428743961352657,0.5006038647342995,0.43588050329778794,-0.007136541945130914,170.0,108.0,156.0,14.0,-48.0
john wall,202322,874,392,831,389.58651165664196,0.448512585812357,0.4754004576659039,0.44575115750187866,0.00276142831047832,126.0,189.0,113.0,13.0,76.0
jason smith,201160,432,195,396,191.8565809726715,0.4513888888888889,0.4583333333333333,0.4441124559552581,0.007276432933630783,112.0,220.0,99.0,13.0,121.0
ben mclemore,203463,582,255,613,256.11178532242775,0.4381443298969072,0.5266323024054983,0.44005461395606144,-0.0019102840591542214,149.0,65.0,136.0,13.0,-71.0
mike scott,203118,367,162,380,162.28222783654928,0.44141689373297005,0.5177111716621253,0.44218590691157844,-0.0007690131786083909,142.0,76.0,130.0,12.0,-54.0
jared sullinger,203096,665,298,646,296.6963351741433,0.4481203007518797,0.4857142857142857,0.44615990251750876,0.0019603982343709414,127.0,161.0,116.0,11.0,45.0
serge ibaka,201586,735,346,768,333.1155575811863,0.4707482993197279,0.5224489795918368,0.45321844568868885,0.01752985363103904,81.0,71.0,70.0,11.0,1.0
markieff morris,202693,830,388,823,373.9098573420197,0.4674698795180723,0.49578313253012046,0.4504938040265297,0.016976075491542564,86.0,124.0,76.0,10.0,48.0
michael carter-williams,203487,657,253,539,282.36852053925395,0.3850837138508371,0.4101978691019787,0.4297846583550288,-0.04470094450419171,238.0,261.0,228.0,10.0,33.0
pj tucker,200782,408,185,435,182.29498337954283,0.4534313725490196,0.5330882352941176,0.44680142985182064,0.006629942697198965,111.0,56.0,102.0,9.0,-46.0
brandon jennings,201943,543,218,512,234.54236282408237,0.4014732965009208,0.4714548802946593,0.43193805308302463,-0.030464756582103847,219.0,195.0,211.0,8.0,-16.0
pero antic,203544,222,79,195,94.70996610820293,0.35585585585585583,0.4391891891891892,0.42662146895586905,-0.07076561310001322,258.0,242.0,251.0,7.0,-9.0
lance stephenson,202362,436,159,331,188.30077063664794,0.3646788990825688,0.3795871559633027,0.4318825014602017,-0.0672036023776329,254.0,265.0,249.0,5.0,16.0
amare stoudemire,2405,336,185,370,165.60512648150325,0.5505952380952381,0.5505952380952381,0.4928724002425692,0.05772283785266896,13.0,28.0,10.0,3.0,18.0
jerami grant,203924,218,83,198,95.58611378073692,0.38073394495412843,0.4541284403669725,0.43846841183824276,-0.05773446688411432,245.0,228.0,242.0,3.0,-14.0
roy hibbert,201579,528,237,474,236.55811892449856,0.44886363636363635,0.44886363636363635,0.4480267403873079,0.0008368959763284667,124.0,232.0,121.0,3.0,111.0
james johnson,201949,311,191,392,159.35212548077106,0.6141479099678456,0.6302250803858521,0.5123862555651802,0.10176165440266538,4.0,5.0,2.0,2.0,3.0
alexis ajinca,201582,211,126,252,108.556804895401,0.5971563981042654,0.5971563981042654,0.5144872269924218,0.08266917111184358,6.0,8.0,4.0,2.0,4.0
trevor ariza,2772,683,259,655,299.7832556962967,0.37920937042459735,0.479502196193265,0.43892131141478286,-0.05971194099018551,246.0,181.0,244.0,2.0,-63.0
darrell arthur,201589,349,146,318,152.2124131321907,0.4183381088825215,0.45558739255014324,0.43613871957647765,-0.017800610693956165,187.0,226.0,186.0,1.0,40.0
ramon sessions,201196,219,72,152,95.54228496551514,0.3287671232876712,0.3470319634703196,0.43626614139504627,-0.10749901810737506,266.0,266.0,265.0,1.0,1.0
nikola mirotic,202703,361,145,352,157.1153406277299,0.40166204986149584,0.48753462603878117,0.43522255021531825,-0.03356050035382241,218.0,155.0,218.0,0.0,-63.0
andre iguodala,2738,343,158,368,155.93340718746185,0.4606413994169096,0.5364431486880467,0.45461634748531154,0.00602505193159808,102.0,50.0,103.0,-1.0,-53.0
kevin garnett,708,301,140,281,136.9858764410019,0.46511627906976744,0.46677740863787376,0.45510257953821226,0.010013699531555176,90.0,204.0,91.0,-1.0,113.0
norris cole,202708,365,145,322,160.84970021247864,0.3972602739726027,0.4410958904109589,0.44068411017117437,-0.04342383619857165,224.0,241.0,226.0,-2.0,15.0
al horford,201143,715,387,783,356.5304915159941,0.5412587412587413,0.5475524475524476,0.49864404407831336,0.04261469718042793,23.0,34.0,25.0,-2.0,9.0
zach lavine,203897,371,157,337,163.00303007103503,0.42318059299191374,0.45417789757412397,0.43936126703783024,-0.0161806740459165,179.0,227.0,182.0,-3.0,45.0
ray mccallum,203492,240,104,222,106.51470912247896,0.43333333333333335,0.4625,0.443811288010329,-0.010477954676995638,159.0,213.0,163.0,-4.0,50.0
kostas papanikolaou,203123,187,65,157,84.58719126880169,0.34759358288770054,0.4197860962566845,0.45233792122353844,-0.1047443383358379,260.0,254.0,264.0,-4.0,-10.0
luol deng,2736,567,274,606,262.94852320849895,0.48324514991181655,0.5343915343915344,0.4637540091860652,0.019491140725751366,61.0,53.0,66.0,-5.0,-13.0
chase budinger,201978,199,74,173,88.82415588200092,0.37185929648241206,0.43467336683417085,0.44635254212060765,-0.0744932456381956,250.0,248.0,255.0,-5.0,-7.0
deandre jordan,201599,393,280,560,252.02585346251726,0.712468193384224,0.712468193384224,0.6412871589377029,0.07118103444652102,1.0,1.0,6.0,-5.0,-5.0
kevin love,201567,770,332,774,342.14132745563984,0.43116883116883115,0.5025974025974026,0.44433938630602576,-0.013170555137194617,166.0,103.0,172.0,-6.0,-69.0
anthony davis,203076,841,457,915,422.06150529906154,0.5434007134363853,0.5439952437574316,0.5018567244935334,0.04154398894285194,22.0,43.0,28.0,-6.0,15.0
bradley beal,203078,583,243,562,255.40860597789288,0.41680960548885077,0.48198970840480276,0.4380936637699706,-0.021284058281119844,190.0,169.0,197.0,-7.0,-28.0
solomon hill,203524,479,189,428,213.97248399071395,0.3945720250521921,0.44676409185803756,0.44670664716224207,-0.05213462211004999,228.0,237.0,236.0,-8.0,1.0
spencer hawes,201150,332,137,320,146.94733801484108,0.4126506024096386,0.4819277108433735,0.4426124639001237,-0.02996186149048513,199.0,170.0,209.0,-10.0,-39.0
kj mcdaniels,203909,416,165,373,187.59403067827225,0.39663461538461536,0.4483173076923077,0.4509471891304621,-0.05431257374584675,226.0,233.0,238.0,-12.0,-5.0
kent bazemore,203145,203,89,209,90.68164884671569,0.43842364532019706,0.5147783251231527,0.4467076297867768,-0.008283984466579741,146.0,80.0,158.0,-12.0,-78.0
ed davis,202334,350,211,422,195.07990600168705,0.6028571428571429,0.6028571428571429,0.5573711600048201,0.04548598285232275,5.0,7.0,18.0,-13.0,-11.0
nikola vucevic,202696,902,480,962,448.864529132843,0.532150776053215,0.5332594235033259,0.4976325156683404,0.034518260384874655,24.0,55.0,38.0,-14.0,17.0
chandler parsons,202718,674,303,713,304.6120221912861,0.4495548961424332,0.5289317507418397,0.4519466204618488,-0.002391724319415589,122.0,62.0,138.0,-16.0,-76.0
evan turner,202323,499,201,426,224.22935428470373,0.4028056112224449,0.42685370741482964,0.44935742341623996,-0.04655181219379506,216.0,252.0,232.0,-16.0,20.0
shane larkin,203499,278,118,265,123.63991893827915,0.4244604316546763,0.4766187050359712,0.444747909849925,-0.02028747819524873,176.0,186.0,193.0,-17.0,-7.0
rudy gobert,203497,267,167,334,155.21343085169792,0.6254681647940075,0.6254681647940075,0.5813237110550484,0.04414445373895903,3.0,6.0,20.0,-17.0,-14.0
kyle oquinn,203124,209,103,217,98.84616261720657,0.49282296650717705,0.5191387559808612,0.47294814649381134,0.019874820013365713,46.0,75.0,64.0,-18.0,11.0
john henson,203089,241,140,280,129.9712726175785,0.5809128630705395,0.5809128630705395,0.5392998863799938,0.041612976690545644,8.0,12.0,27.0,-19.0,-15.0
andrew wiggins,203952,797,348,730,359.10952392965555,0.4366373902132999,0.45796737766624845,0.45057656703846366,-0.013939176825163768,154.0,221.0,173.0,-19.0,48.0
brook lopez,201572,631,308,617,298.14239954948425,0.48811410459587956,0.4889064976228209,0.47249191687715414,0.015622187718725422,59.0,152.0,79.0,-20.0,73.0
james ennis,203516,159,61,139,74.71493291854858,0.3836477987421384,0.4371069182389937,0.4699052384814376,-0.08625743973929922,240.0,245.0,261.0,-21.0,-16.0
amir johnson,101161,402,233,480,217.8645599782467,0.5796019900497512,0.5970149253731343,0.5419516417369321,0.037650348312819104,9.0,9.0,31.0,-22.0,-22.0
jeff teague,201952,687,319,695,318.04424631409347,0.4643377001455604,0.5058224163027657,0.46294650118499775,0.0013911989605626673,93.0,93.0,118.0,-25.0,-25.0
evan fournier,203095,557,244,568,252.37175056524575,0.4380610412926391,0.5098743267504489,0.45309111412072844,-0.015030072828089325,151.0,84.0,176.0,-25.0,-92.0
otto porter,203490,284,130,284,130.4445267803967,0.45774647887323944,0.5,0.4593117140154813,-0.001565235142241883,108.0,109.0,134.0,-26.0,-25.0
robert sacre,203135,242,100,200,110.259431630373,0.4132231404958678,0.4132231404958678,0.4556174860759215,-0.04239434558005373,198.0,258.0,225.0,-27.0,33.0
donatas motiejunas,202700,576,293,625,280.716233946383,0.5086805555555556,0.5425347222222222,0.4873545728235816,0.021325982731974003,31.0,45.0,59.0,-28.0,-14.0
pau gasol,2200,818,405,817,390.99422296881676,0.49511002444987773,0.4993887530562347,0.47798804763914027,0.01712197681073746,43.0,112.0,74.0,-31.0,38.0
marc gasol,201188,814,405,812,390.99051447212696,0.4975429975429975,0.4987714987714988,0.48033232736133535,0.01721067018166217,40.0,114.0,72.0,-32.0,42.0
jonas valanciunas,202685,486,274,548,258.6619300842285,0.5637860082304527,0.5637860082304527,0.5322261935889475,0.031559814641505146,11.0,20.0,43.0,-32.0,-23.0
dwight howard,2730,334,192,385,181.35582917928696,0.5748502994011976,0.5763473053892215,0.5429815244888831,0.031868774912314435,10.0,13.0,42.0,-32.0,-29.0
derrick favors,202324,677,369,738,350.0593931302428,0.5450516986706057,0.5450516986706057,0.5170744359383203,0.0279772627322854,20.0,42.0,53.0,-33.0,-11.0
tyson chandler,2199,340,230,460,217.88036933541298,0.6764705882352942,0.6764705882352942,0.6408246156923911,0.035645972542903026,2.0,2.0,35.0,-33.0,-33.0
leandro barbosa,2571,256,120,267,119.62897534668446,0.46875,0.521484375,0.46730068494798616,0.0014493150520138443,84.0,73.0,117.0,-33.0,-44.0
rodney stuckey,201155,537,242,517,244.69156605005264,0.4506517690875233,0.4813780260707635,0.4556639963688131,-0.005012227281289805,113.0,174.0,147.0,-34.0,27.0
kawhi leonard,202695,516,232,507,235.50285244733095,0.4496124031007752,0.49127906976744184,0.4564008768359127,-0.006788473735137468,121.0,143.0,155.0,-34.0,-12.0
matt barnes,2440,449,202,497,204.66508070379496,0.44988864142538976,0.5534521158129176,0.4558242331933072,-0.00593559176791747,117.0,24.0,152.0,-35.0,-128.0
russell westbrook,201566,969,422,889,440.5689808279276,0.43550051599587203,0.4587203302373581,0.454663550906014,-0.019163034910141985,155.0,218.0,190.0,-35.0,28.0
jakarr sampson,203960,210,94,209,96.54700670577586,0.44761904761904764,0.4976190476190476,0.459747650979885,-0.012128603360837376,128.0,116.0,166.0,-38.0,-50.0
luc mbah a moute,201601,491,201,443,229.06142801046371,0.4093686354378819,0.4511201629327902,0.46652021998057785,-0.05715158454269598,203.0,231.0,241.0,-38.0,-10.0
shabazz muhammad,203498,391,191,402,188.15519834309816,0.4884910485933504,0.5140664961636828,0.4812153410309416,0.007275707562408806,58.0,82.0,100.0,-42.0,-18.0
tobias harris,202699,715,331,722,333.3121149763465,0.46293706293706294,0.5048951048951049,0.46617079017670837,-0.003233727239645434,96.0,96.0,140.0,-44.0,-44.0
nick collison,2555,212,86,184,102.66270326077938,0.4056603773584906,0.4339622641509434,0.48425803424895936,-0.07859765689046877,213.0,249.0,257.0,-44.0,-8.0
bojan bogdanovic,202711,360,151,354,167.32724130153656,0.41944444444444445,0.49166666666666664,0.46479789250426823,-0.045353448059823775,185.0,141.0,231.0,-46.0,-90.0
carlos boozer,2430,620,319,638,308.7451688051224,0.5145161290322581,0.5145161290322581,0.4979760787179393,0.016540050314318766,29.0,81.0,77.0,-48.0,4.0
kelly olynyk,203482,341,170,375,165.61435144394636,0.49853372434017595,0.5498533724340176,0.48567258487960807,0.012861139460567883,38.0,30.0,87.0,-49.0,-57.0
jimmy butler,202710,781,361,781,365.30669851601124,0.4622279129321383,0.5,0.4677422516210131,-0.005514338688874854,98.0,109.0,148.0,-50.0,-39.0
blake griffin,201933,893,447,902,435.6736032217741,0.5005599104143337,0.5050391937290034,0.48787637538832485,0.01268353502600883,37.0,95.0,88.0,-51.0,7.0
anthony bennett,203461,274,114,233,129.97181326150894,0.41605839416058393,0.4251824817518248,0.474349683436164,-0.05829128927558008,191.0,253.0,243.0,-52.0,10.0
demarre carroll,201960,462,217,523,217.7567493878305,0.4696969696969697,0.566017316017316,0.4713349553849145,-0.0016379856879447652,82.0,18.0,135.0,-53.0,-117.0
elfrid payton,203901,480,198,400,232.56762907654047,0.4125,0.4166666666666667,0.4845158939094593,-0.07201589390945934,200.0,256.0,253.0,-53.0,3.0
nene hilario,2403,479,251,503,244.53438682854176,0.524008350730689,0.5250521920668059,0.5105102021472688,0.013498148583420133,27.0,66.0,83.0,-56.0,-17.0
harrison barnes,203084,463,227,521,225.3090254738927,0.490280777537797,0.562634989200864,0.48662856473842914,0.0036522127993678377,54.0,21.0,111.0,-57.0,-90.0
boris diaw,2564,437,194,429,202.79678256809711,0.4439359267734554,0.49084668192219677,0.4640658640002222,-0.020129937226766814,135.0,147.0,192.0,-57.0,-45.0
victor oladipo,203506,729,328,710,339.7017157264054,0.4499314128943759,0.4869684499314129,0.465983149144589,-0.01605173625021311,116.0,160.0,180.0,-64.0,-20.0
carl landry,201171,287,146,292,143.71735113859177,0.5087108013937283,0.5087108013937283,0.5007573210403894,0.007953480353338871,30.0,87.0,96.0,-66.0,-9.0
tyreke evans,201936,914,396,842,436.46519100293517,0.43326039387308535,0.46061269146608314,0.47753303173187656,-0.04427263785879121,160.0,215.0,227.0,-67.0,-12.0
goran dragic,201609,753,378,828,374.31619857251644,0.50199203187251,0.549800796812749,0.49709986530214667,0.004892166570363288,35.0,31.0,105.0,-70.0,-74.0
thaddeus young,201152,694,324,673,330.35061341524124,0.4668587896253602,0.48487031700288186,0.4760095294167741,-0.009150739791413898,87.0,163.0,159.0,-72.0,4.0
draymond green,203110,552,242,569,261.1865548789501,0.4384057971014493,0.5153985507246377,0.4731640486937502,-0.03475825159230095,147.0,77.0,219.0,-72.0,-142.0
giannis antetokounmpo,203507,549,270,546,270.06051107496023,0.4918032786885246,0.4972677595628415,0.49191349922579275,-0.0001102205372681686,50.0,118.0,123.0,-73.0,-5.0
thabo sefolosha,200757,203,86,191,100.41512110829353,0.4236453201970443,0.47044334975369456,0.4946557690063721,-0.07101044880932778,177.0,197.0,252.0,-75.0,-55.0
chris kaman,2549,434,213,426,213.22976879775524,0.49078341013824883,0.49078341013824883,0.49131283133123327,-0.0005294211929844361,53.0,148.0,128.0,-75.0,20.0
tim duncan,1495,627,311,623,310.28698049113154,0.4960127591706539,0.49681020733652315,0.49487556697150165,0.0011371921991522593,41.0,120.0,119.0,-78.0,1.0
trevor booker,202344,327,162,343,161.87625164166093,0.4954128440366973,0.5244648318042814,0.4950344086900946,0.0003784353466027013,42.0,69.0,122.0,-80.0,-53.0
brandon bass,101138,480,229,463,231.9263576939702,0.47708333333333336,0.4822916666666667,0.4831799118624379,-0.006096578529104557,72.0,168.0,153.0,-81.0,15.0
luis scola,2449,469,220,445,225.2669677324593,0.4690831556503198,0.4744136460554371,0.48031336403509445,-0.01123020838477462,83.0,190.0,165.0,-82.0,25.0
al farouq aminu,202329,258,111,248,129.01873841881752,0.43023255813953487,0.4806201550387597,0.5000726295303005,-0.06984007139076565,168.0,177.0,250.0,-82.0,-73.0
quincy acy,203112,235,111,232,113.33141605556011,0.4723404255319149,0.49361702127659574,0.48226134491727707,-0.009920919385362159,77.0,132.0,162.0,-85.0,-30.0
jon leuer,202720,257,114,235,124.25415422022343,0.44357976653696496,0.4571984435797665,0.4834791993004803,-0.03989943276351532,137.0,222.0,223.0,-86.0,-1.0
marcin gortat,101162,570,311,622,308.6357119381428,0.5456140350877193,0.5456140350877193,0.5414661612949874,0.00414787379273196,18.0,40.0,106.0,-88.0,-66.0
jordan hill,201941,614,285,571,294.9920661225915,0.46416938110749184,0.46498371335504884,0.4804431044341881,-0.016273723326696243,95.0,208.0,183.0,-88.0,25.0
zaza pachulia,2585,350,151,302,177.81209655106068,0.43142857142857144,0.43142857142857144,0.508034561574459,-0.07660599014588759,165.0,251.0,256.0,-91.0,-5.0
eric bledsoe,202339,774,352,771,370.58254114724696,0.45478036175710596,0.49806201550387597,0.47878881285174024,-0.024008451094634287,110.0,115.0,204.0,-94.0,-89.0
marreese speights,201578,498,246,494,247.5274478457868,0.4939759036144578,0.4959839357429719,0.49704306796342734,-0.003067164348969531,44.0,123.0,139.0,-95.0,-16.0
steve adams,203500,274,150,300,149.32275316119194,0.5474452554744526,0.5474452554744526,0.5449735516831823,0.0024717037912702633,15.0,35.0,114.0,-99.0,-79.0
derrick williams,202682,286,128,281,140.81585802137852,0.44755244755244755,0.49125874125874125,0.4923631399348899,-0.04481069238244234,129.0,145.0,230.0,-101.0,-85.0
lavoy allen,202730,254,125,250,126.47572523355484,0.4921259842519685,0.4921259842519685,0.4979359261163576,-0.005809941864389101,49.0,140.0,150.0,-101.0,-10.0
michael kidd-gilchrist,203077,369,174,348,179.9704238474369,0.4715447154471545,0.4715447154471545,0.48772472587381277,-0.016180010426658287,78.0,194.0,181.0,-103.0,13.0
paul millsap,200794,754,358,777,369.8358695060015,0.47480106100795755,0.5152519893899205,0.49049850067108947,-0.015697439663131918,73.0,78.0,178.0,-105.0,-100.0
dante cunningham,201967,247,114,229,120.54672250151634,0.46153846153846156,0.46356275303643724,0.4880434109373131,-0.026504949398851563,100.0,211.0,206.0,-106.0,5.0
henry sims,203156,423,204,412,209.2490202486515,0.48226950354609927,0.48699763593380613,0.4946785348667884,-0.012409031320689157,62.0,159.0,169.0,-107.0,-10.0
jason thompson,201574,292,134,268,143.31768348813057,0.4589041095890411,0.4589041095890411,0.49081398454839237,-0.03190987495935127,105.0,217.0,214.0,-109.0,3.0
kendrick perkins,2570,194,85,170,101.56301832199097,0.4381443298969072,0.4381443298969072,0.5235207129999534,-0.08537638310304618,149.0,244.0,260.0,-111.0,-16.0
zach randolph,2216,671,328,661,336.19911251217127,0.488822652757079,0.49254843517138597,0.5010418964413879,-0.012219243684308878,55.0,137.0,167.0,-112.0,-30.0
joakim noah,201149,340,149,298,180.52333412319422,0.43823529411764706,0.43823529411764706,0.5309509827152771,-0.09271568859763002,148.0,243.0,262.0,-114.0,-19.0
jusuf nurkic,203994,294,130,260,153.81128622591496,0.4421768707482993,0.4421768707482993,0.5231676402242005,-0.08099076947590117,140.0,240.0,258.0,-118.0,-18.0
mason plumlee,203486,403,236,472,236.07956147566438,0.5856079404466501,0.5856079404466501,0.585805363463187,-0.00019742301653691285,7.0,10.0,125.0,-118.0,-115.0
gorgui dieng,203476,407,201,403,205.44747602567077,0.49385749385749383,0.4950859950859951,0.5047849533800265,-0.010927459522532657,45.0,125.0,164.0,-119.0,-39.0
nerles noel,203457,444,197,394,234.06703692674637,0.4436936936936937,0.4436936936936937,0.5271780110962756,-0.08348431740258189,136.0,239.0,259.0,-123.0,-20.0
cole aldrich,202332,191,92,184,95.57210004329681,0.4816753926701571,0.4816753926701571,0.5003774871376796,-0.018702094467522523,64.0,171.0,187.0,-123.0,-16.0
demarcus cousins,202326,788,366,734,392.2225920036435,0.46446700507614214,0.46573604060913704,0.4977444060959943,-0.03327740101985216,92.0,207.0,217.0,-125.0,-10.0
kris humphries,2743,397,188,376,198.34189794957638,0.473551637279597,0.473551637279597,0.49960175805938634,-0.026050120779789354,74.0,191.0,205.0,-131.0,-14.0
andre roberson,203460,168,77,171,86.1336242184043,0.4583333333333333,0.5089285714285714,0.5127001441571684,-0.05436681082383504,107.0,85.0,239.0,-132.0,-154.0
tyler zeller,203092,419,229,458,231.33319249749184,0.5465393794749404,0.5465393794749404,0.5521078579892407,-0.005568478514300312,16.0,38.0,149.0,-133.0,-111.0
taj gibson,201959,418,206,412,212.68054197728634,0.49282296650717705,0.49282296650717705,0.508805124347575,-0.015982157840397915,46.0,135.0,179.0,-133.0,-44.0
shawn marion,1890,229,103,218,120.0505496300757,0.4497816593886463,0.4759825327510917,0.5242382079915969,-0.07445654860295065,118.0,187.0,254.0,-136.0,-67.0
omri casspi,201956,240,115,237,121.4285916686058,0.4791666666666667,0.49375,0.5059524652858575,-0.02678579861919078,69.0,130.0,207.0,-138.0,-77.0
cody zeller,203469,355,165,331,181.7321951687336,0.4647887323943662,0.46619718309859154,0.5119216765316439,-0.0471329441372777,91.0,206.0,233.0,-142.0,-27.0
kosta koufos,201585,253,127,254,131.39518809318542,0.5019762845849802,0.5019762845849802,0.5193485695382823,-0.01737228495330212,36.0,106.0,185.0,-149.0,-79.0
greg monroe,202328,712,350,700,367.0575018078089,0.49157303370786515,0.49157303370786515,0.5155301991682709,-0.02395716546040577,52.0,142.0,203.0,-151.0,-61.0
aron baynes,203382,257,141,283,144.3665080666542,0.5486381322957199,0.5505836575875487,0.5617373854733627,-0.013099253177642822,14.0,29.0,171.0,-157.0,-142.0
enes kanter,202683,639,318,649,332.6703288704157,0.49765258215962443,0.5078247261345853,0.5206108433026849,-0.022958261143060488,39.0,89.0,201.0,-162.0,-112.0
andrew bogut,101106,239,132,264,135.75056996941566,0.5523012552301255,0.5523012552301255,0.5679940166084337,-0.015692761378308218,12.0,26.0,177.0,-165.0,-151.0
tristan thompson,202684,396,216,432,223.80809931457043,0.5454545454545454,0.5454545454545454,0.5651719679660869,-0.019717422511541516,19.0,41.0,191.0,-172.0,-150.0
kenneth faried,202702,512,252,505,272.60777677595615,0.4921875,0.4931640625,0.5324370640155394,-0.04024956401553936,48.0,134.0,224.0,-176.0,-90.0
timofey mozgov,202389,428,233,468,242.41840434074402,0.544392523364486,0.5467289719626168,0.5663981409830467,-0.02200561761856079,21.0,37.0,199.0,-178.0,-162.0
glen davis,201175,177,85,170,95.7513307929039,0.480225988700565,0.480225988700565,0.540967970581378,-0.060741981880813034,67.0,179.0,248.0,-181.0,-69.0
jj hickson,201581,333,160,320,180.04652217030525,0.4804804804804805,0.4804804804804805,0.5406802467576735,-0.06019976627719298,65.0,178.0,246.0,-181.0,-68.0
alex len,203458,299,158,317,167.31744481623173,0.5284280936454849,0.5301003344481605,0.5595901164422465,-0.031162022796761613,25.0,60.0,212.0,-187.0,-152.0
tony allen,2754,358,172,350,208.68482008576393,0.48044692737430167,0.4888268156424581,0.5829184918596758,-0.10247156448537414,66.0,153.0,263.0,-197.0,-110.0
andre drummond,203083,665,338,676,374.01996801793575,0.5082706766917293,0.5082706766917293,0.5624360421322342,-0.054165365440504876,32.0,88.0,237.0,-205.0,-149.0
omer asik,201600,300,152,304,186.23420350253582,0.5066666666666667,0.5066666666666667,0.6207806783417861,-0.11411401167511936,33.0,92.0,266.0,-233.0,-174.0
