SHOOTING_TEAM,shots,actual_makes,expected_makes,actual_fg_pct,expected_fg_pct,smoke_total,smoke_rate
LAC,4841,2303,2164.1589177027345,0.47572815533980584,0.4470479069825934,138.84108229726553,0.028680248357212446
GSW,4553,2182,2082.150528345257,0.479244454206018,0.45731397503739446,99.84947165474296,0.021930479168623562
TOR,4370,2021,1933.9307814668864,0.4624713958810069,0.4425470895805232,87.0692185331136,0.019924306300483696
DAL,4547,2100,2051.702319746837,0.46184297338904773,0.4512210951719457,48.29768025316298,0.010621878217102032
WAS,4793,2253,2213.4151336327195,0.4700605049029835,0.46180161352654275,39.58486636728048,0.008258891376440758
ATL,4544,2128,2088.4283578228205,0.46830985915492956,0.4596013111405855,39.571642177179456,0.008708548014344064
POR,4216,1839,1803.478472840041,0.4361954459203036,0.42777003625238164,35.52152715995908,0.00842540966792199
CLE,3924,1830,1795.245041579008,0.46636085626911317,0.45750383322604693,34.7549584209919,0.008857023043066237
NYK,3501,1544,1509.3176257424057,0.44101685232790633,0.43111043294556,34.68237425759435,0.009906419382346321
BKN,4369,1981,1949.1563680823892,0.45342183566033417,0.44613329550981673,31.843631917610765,0.007288540150517442
SAS,4314,1976,1951.0040712840855,0.45804357904496984,0.45224943701531883,24.995928715914488,0.005794142029651006
MIL,3813,1754,1738.6815589293838,0.4600052452137425,0.45598782033290947,15.318441070616245,0.004017424880833009
PHX,4776,2179,2169.2505448684096,0.4562395309882747,0.45419818778651794,9.749455131590366,0.002041343201756751
MIA,3775,1689,1685.0653850659728,0.44741721854304634,0.4463749364413173,3.934614934027195,0.0010422821017290196
LAL,4660,2044,2040.3451635930687,0.4386266094420601,0.4378423097839203,3.654836406931281,0.0007842996581398087
ORL,4363,2011,2008.614012075588,0.46092138436855373,0.4603745157175311,2.385987924411893,0.0005468686510226584
UTA,4005,1853,1866.8842172659934,0.4626716604244694,0.46613838133982355,-13.884217265993357,-0.00346672091535416
OKC,3912,1757,1772.3093247264624,0.44913087934560325,0.4530443059116724,-15.309324726462364,-0.003913426566069134
NOP,4045,1897,1914.3620936926454,0.46897404202719406,0.4732662777979346,-17.36209369264543,-0.00429223577074056
CHA,4667,2008,2026.593868644908,0.4302549817870152,0.4342390976312209,-18.59386864490807,-0.003984115844205716
MEM,4434,2058,2081.9555200599134,0.46414073071718537,0.46954341904824387,-23.955520059913397,-0.005402688331058503
IND,4479,1933,1959.3420780245215,0.43156954677383347,0.43745078768129525,-26.34207802452147,-0.005881240907461782
HOU,3738,1650,1678.3737266995013,0.44141252006420545,0.4490031371587751,-28.373726699501276,-0.007590617094569652
BOS,4379,1953,1981.9575190301985,0.4459922356702444,0.4526050511601275,-28.957519030198455,-0.006612815489883128
MIN,3717,1649,1689.8638952504843,0.4436373419424267,0.45463112597537914,-40.86389525048435,-0.010993784032952425
SAC,4551,2046,2088.7647555833682,0.4495715227422544,0.4589683048963674,-42.76475558336824,-0.009396782154112993
CHI,4596,2032,2076.2500751316547,0.4421235857267189,0.4517515394107169,-44.25007513165474,-0.009627953683997992
DET,3991,1741,1842.085918603465,0.4362315209220747,0.4615599896275282,-101.08591860346496,-0.025328468705453522
DEN,4532,1977,2083.6542479563504,0.4362312444836717,0.459764838472275,-106.65424795635045,-0.02353359398860333
PHI,3664,1517,1662.6039494089782,0.41402838427947597,0.453767453441315,-145.60394940897822,-0.03973906916183906
